PRAGMA foreign_keys=OFF;
BEGIN TRANSACTION;
CREATE TABLE users (id INTEGER PRIMARY KEY AUTOINCREMENT NOT NULL, username TEXT NOT NULL, hash TEXT NOT NULL, fname type text, lname type text, useremail text, dateregistered type text, dateofbirth type text, primaryphone type text, country type text, secondaryphone type text, city type text, gender type text, facebookaddress type text, telegramaddress type text, instagramaddress type text, twitteraddress type text, useraddress type text, numberofprofilechanges type integer default 0, emailconfirmed type text default 'False');
INSERT INTO users VALUES(1,'thomas','pbkdf2:sha256:260000$b9c3m5iPik8JuVYA$322072e227a0c81a8838494c5a184cc197e26421c9eeb0b5b41538b189b0b917','Abebe','Abebe','thomaskitabajobs@gmail.com','2022-10-12 11:42:03','1988-11-10','0986689373','ethiopia','0986689373','Addis Ababa','Male','facebook/meteley','telegram/meteley','instagram/meteley','twitter/meteley','addis ababa, yeka k/k woreda 11',12,'False');
INSERT INTO users VALUES(2,'tom','pbkdf2:sha256:260000$b9c3m5iPik8JuVYA$322072e227a0c81a8838494c5a184cc197e26421c9eeb0b5b41538b189b0b917','Belete','Belete','thomaskitabajobs@gmail.com','2022-10-12 11:42:03','1988-11-10','0986689373','ethiopia','0986689373','Addis Ababa','Male','facebook/meteley','telegram/meteley','instagram/meteley','twitter/meteley','addis ababa, yeka k/k woreda 11',12,'False');
INSERT INTO users VALUES(4,'meteley','pbkdf2:sha256:260000$b9c3m5iPik8JuVYA$322072e227a0c81a8838494c5a184cc197e26421c9eeb0b5b41538b189b0b917','meteley','thomas','thomaskitabajobs@gmail.com','2022-10-12 11:42:03','1988-11-10','0986689373','ethiopia','0986689373','Addis Ababa','Male','facebook/meteley','telegram/meteley','instagram/meteley','twitter/meteley','addis ababa, yeka k/k woreda 11',12,'True');
INSERT INTO users VALUES(5,'test','pbkdf2:sha256:260000$b9c3m5iPik8JuVYA$322072e227a0c81a8838494c5a184cc197e26421c9eeb0b5b41538b189b0b917','test','test','thomaskitabajobs@gmail.com','2022-10-12 12:19:46','1988-11-10','0986689373','ethiopia','0986689373','Addis Ababa','Male','facebook/meteley','telegram/meteley','instagram/meteley','twitter/meteley','addis ababa, yeka k/k woreda 11',12,'False');
INSERT INTO users VALUES(6,'test2','pbkdf2:sha256:260000$b9c3m5iPik8JuVYA$322072e227a0c81a8838494c5a184cc197e26421c9eeb0b5b41538b189b0b917','test2','thomas','thomaskitabajobs@gmail.com','2022-10-12 14:35:41','1988-11-10','0986689373','ethiopia','0986689373','Addis Ababa','Male','facebook/meteley','telegram/meteley','instagram/meteley','twitter/meteley','addis ababa, yeka k/k woreda 11',12,'False');
INSERT INTO users VALUES(12,'Thomas-test','pbkdf2:sha256:260000$b9c3m5iPik8JuVYA$322072e227a0c81a8838494c5a184cc197e26421c9eeb0b5b41538b189b0b917','thomaskitaba','thomaskitaba','thomaskitabajobs@gmail.com','2022-10-17 13:08:54','1988-11-10','0986689373','ethiopia','0986689373','Addis Ababa','Male','facebook/meteley','telegram/meteley','instagram/meteley','twitter/meteley','addis ababa, yeka k/k woreda 11',12,'False');
INSERT INTO users VALUES(15,'thomaskitaba','pbkdf2:sha256:260000$b9c3m5iPik8JuVYA$322072e227a0c81a8838494c5a184cc197e26421c9eeb0b5b41538b189b0b917','Thomas','Kitaba','thomaskitabajobs@gmail.com','2022-11-05 16:20:17','1988-11-10','0986689373','ethiopia','0986689373','Addis Ababa','Male','facebook/meteley','telegram/meteley','instagram/meteley','twitter/meteley','addis ababa, yeka k/k woreda 11',12,'False');
INSERT INTO users VALUES(16,'thomasconfirmed1','pbkdf2:sha256:260000$b9c3m5iPik8JuVYA$322072e227a0c81a8838494c5a184cc197e26421c9eeb0b5b41538b189b0b917','kebede','abebe','thomaskitabajobs@gmail.com','2022-11-11 19:16:22','1988-11-10','0986689373','ethiopia','0986689373','Addis Ababa','Male','facebook/meteley','telegram/meteley','instagram/meteley','twitter/meteley','addis ababa, yeka k/k woreda 11',12,'False');
INSERT INTO users VALUES(17,'thomasconfirmed3','pbkdf2:sha256:260000$b9c3m5iPik8JuVYA$322072e227a0c81a8838494c5a184cc197e26421c9eeb0b5b41538b189b0b917','ababa','kebede','thomaskitabajobs@gmail.com','2022-11-11 19:22:58','1988-11-10','0986689373','ethiopia','0986689373','Addis Ababa','Male','facebook/meteley','telegram/meteley','instagram/meteley','twitter/meteley','addis ababa, yeka k/k woreda 11',12,'True');
INSERT INTO users VALUES(18,'thomaskitabaconfirmed0','pbkdf2:sha256:260000$b9c3m5iPik8JuVYA$322072e227a0c81a8838494c5a184cc197e26421c9eeb0b5b41538b189b0b917','tom','kita','thomaskitabajobs@gmail.com','2022-11-11 19:42:17','1988-11-10','0986689373','ethiopia','0986689373','Addis Ababa','Male','facebook/meteley','telegram/meteley','instagram/meteley','twitter/meteley','addis ababa, yeka k/k woreda 11',12,'False');
INSERT INTO users VALUES(19,'confirmedthomaskitaba','pbkdf2:sha256:260000$b9c3m5iPik8JuVYA$322072e227a0c81a8838494c5a184cc197e26421c9eeb0b5b41538b189b0b917','chala','abebe','thomaskitabajobs@gmail.com','2022-11-11 20:07:48','1988-11-10','0986689373','ethiopia','0986689373','Addis Ababa','Male','facebook/meteley','telegram/meteley','instagram/meteley','twitter/meteley','addis ababa, yeka k/k woreda 11',12,'True');
INSERT INTO users VALUES(20,'confirmedtom','pbkdf2:sha256:260000$b9c3m5iPik8JuVYA$322072e227a0c81a8838494c5a184cc197e26421c9eeb0b5b41538b189b0b917','alemitu','chala','thomaskitabajobs@gmail.com','2022-11-11 20:20:01','1988-11-10','0986689373','ethiopia','0986689373','Addis Ababa','Male','facebook/meteley','telegram/meteley','instagram/meteley','twitter/meteley','addis ababa, yeka k/k woreda 11',12,'True');
INSERT INTO users VALUES(21,'lastconfirmed','pbkdf2:sha256:260000$b9c3m5iPik8JuVYA$322072e227a0c81a8838494c5a184cc197e26421c9eeb0b5b41538b189b0b917','adf','yi','thomaskitabajobs@gmail.com','2022-11-11 20:26:51','1988-11-10','0986689373','ethiopia','0986689373','Addis Ababa','Male','facebook/meteley','telegram/meteley','instagram/meteley','twitter/meteley','addis ababa, yeka k/k woreda 11',12,'True');
INSERT INTO users VALUES(22,'tomkitconfirmed','pbkdf2:sha256:260000$b9c3m5iPik8JuVYA$322072e227a0c81a8838494c5a184cc197e26421c9eeb0b5b41538b189b0b917','tom','kit','thomaskitabajobs@gmail.com','2022-11-11 20:34:34','1988-11-10','0986689373','ethiopia','0986689373','Addis Ababa','Male','facebook/meteley','telegram/meteley','instagram/meteley','twitter/meteley','addis ababa, yeka k/k woreda 11',12,'False');
INSERT INTO users VALUES(23,'abcdethomaskitaba','pbkdf2:sha256:260000$b9c3m5iPik8JuVYA$322072e227a0c81a8838494c5a184cc197e26421c9eeb0b5b41538b189b0b917','adsf','asdf','thomaskitabajobs@gmail.com','2022-11-11 21:06:13','1988-11-10','0986689373','ethiopia','0986689373','Addis Ababa','Male','facebook/meteley','telegram/meteley','instagram/meteley','twitter/meteley','addis ababa, yeka k/k woreda 11',12,'True');
INSERT INTO users VALUES(24,'xyz','pbkdf2:sha256:260000$b9c3m5iPik8JuVYA$322072e227a0c81a8838494c5a184cc197e26421c9eeb0b5b41538b189b0b917','ad','j','thomaskitabajobs@gmail.com','2022-11-11 21:08:39','1988-11-10','0986689373','ethiopia','0986689373','Addis Ababa','Male','facebook/meteley','telegram/meteley','instagram/meteley','twitter/meteley','addis ababa, yeka k/k woreda 11',12,'False');
INSERT INTO users VALUES(25,'newthomaskitaba','pbkdf2:sha256:260000$b9c3m5iPik8JuVYA$322072e227a0c81a8838494c5a184cc197e26421c9eeb0b5b41538b189b0b917','aaa','bbb','thomaskitabajobs@gmail.com','2022-11-11 21:17:50','1988-11-10','0986689373','ethiopia','0986689373','Addis Ababa','Male','facebook/meteley','telegram/meteley','instagram/meteley','twitter/meteley','addis ababa, yeka k/k woreda 11',12,'False');
INSERT INTO users VALUES(26,'xxxthomaskitaba','pbkdf2:sha256:260000$b9c3m5iPik8JuVYA$322072e227a0c81a8838494c5a184cc197e26421c9eeb0b5b41538b189b0b917','xxx','xxx','thomaskitabajobs@gmail.com','2022-11-11 21:22:57','1988-11-10','0986689373','ethiopia','0986689373','Addis Ababa','Male','facebook/meteley','telegram/meteley','instagram/meteley','twitter/meteley','addis ababa, yeka k/k woreda 11',12,'False');
INSERT INTO users VALUES(27,'yyythomaskitaba','pbkdf2:sha256:260000$b9c3m5iPik8JuVYA$322072e227a0c81a8838494c5a184cc197e26421c9eeb0b5b41538b189b0b917','yyy','lll','thomaskitabajobs@gmail.com','2022-11-11 21:26:51','1988-11-10','0986689373','ethiopia','0986689373','Addis Ababa','Male','facebook/meteley','telegram/meteley','instagram/meteley','twitter/meteley','addis ababa, yeka k/k woreda 11',12,'True');
INSERT INTO users VALUES(28,'tomtest1','pbkdf2:sha256:260000$b9c3m5iPik8JuVYA$322072e227a0c81a8838494c5a184cc197e26421c9eeb0b5b41538b189b0b917','ቶማስ','ኪታባ','thomaskitabajobs@gmail.com','2022-11-12 13:04:52','1988-11-10','0986689373','ethiopia','0986689373','Addis Ababa','Male','facebook/meteley','telegram/meteley','instagram/meteley','twitter/meteley','addis ababa, yeka k/k woreda 11',12,'True');
INSERT INTO users VALUES(29,'abcd','pbkdf2:sha256:260000$b9c3m5iPik8JuVYA$322072e227a0c81a8838494c5a184cc197e26421c9eeb0b5b41538b189b0b917','tomas ','kitaba','thomaskitabajobs@gmail.com','2022-11-12 13:30:07','1988-11-10','0986689373','ethiopia','0986689373','Addis Ababa','Male','facebook/meteley','telegram/meteley','instagram/meteley','twitter/meteley','addis ababa, yeka k/k woreda 11',12,'True');
INSERT INTO users VALUES(30,'onetwo','pbkdf2:sha256:260000$b9c3m5iPik8JuVYA$322072e227a0c81a8838494c5a184cc197e26421c9eeb0b5b41538b189b0b917','one','two','thomaskitabajobs@gmail.com','2022-11-12 16:29:26','1988-11-10','0986689373','ethiopia','0986689373','Addis Ababa','Male','facebook/meteley','telegram/meteley','instagram/meteley','twitter/meteley','addis ababa, yeka k/k woreda 11',12,'True');
INSERT INTO users VALUES(31,'44','pbkdf2:sha256:260000$b9c3m5iPik8JuVYA$322072e227a0c81a8838494c5a184cc197e26421c9eeb0b5b41538b189b0b917','44','44`','thomaskitabajobs@gmail.com','2022-11-12 16:50:08','1988-11-10','0986689373','ethiopia','0986689373','Addis Ababa','Male','facebook/meteley','telegram/meteley','instagram/meteley','twitter/meteley','addis ababa, yeka k/k woreda 11',12,'True');
INSERT INTO users VALUES(32,'','pbkdf2:sha256:260000$b9c3m5iPik8JuVYA$322072e227a0c81a8838494c5a184cc197e26421c9eeb0b5b41538b189b0b917','newthomas','newkitaba','thomaskitabajobs@gmail.com','2022-12-02 15:54:00','1988-11-10','0986689373','ethiopia','0986689373','Addis Ababa','Male','facebook/meteley','telegram/meteley','instagram/meteley','twitter/meteley','addis ababa, yeka k/k woreda 11',12,'False');
INSERT INTO users VALUES(33,'asdf','pbkdf2:sha256:260000$b9c3m5iPik8JuVYA$322072e227a0c81a8838494c5a184cc197e26421c9eeb0b5b41538b189b0b917','adsf','jhjk','thomaskitabajobs@gmail.com','2022-12-02 16:04:50','1988-11-10','0986689373','ethiopia','0986689373','Addis Ababa','Male','facebook/meteley','telegram/meteley','instagram/meteley','twitter/meteley','addis ababa, yeka k/k woreda 11',12,'False');
INSERT INTO users VALUES(34,'asddf','pbkdf2:sha256:260000$b9c3m5iPik8JuVYA$322072e227a0c81a8838494c5a184cc197e26421c9eeb0b5b41538b189b0b917','dfa','ljl','thomaskitabajobs@gmail.com','2022-12-02 16:09:22','1988-11-10','0986689373','ethiopia','0986689373','Addis Ababa','Male','facebook/meteley','telegram/meteley','instagram/meteley','twitter/meteley','addis ababa, yeka k/k woreda 11',12,'False');
INSERT INTO users VALUES(35,'female','pbkdf2:sha256:260000$b9c3m5iPik8JuVYA$322072e227a0c81a8838494c5a184cc197e26421c9eeb0b5b41538b189b0b917','asdf','kj','thomaskitabajobs@gmail.com','2022-12-02 16:17:13','1988-11-10','0986689373','ethiopia','0986689373','Addis Ababa','Male','facebook/meteley','telegram/meteley','instagram/meteley','twitter/meteley','addis ababa, yeka k/k woreda 11',12,'True');
INSERT INTO users VALUES(36,'tombahamas','pbkdf2:sha256:260000$b9c3m5iPik8JuVYA$322072e227a0c81a8838494c5a184cc197e26421c9eeb0b5b41538b189b0b917','sdf','lkj','thomaskitabajobs@gmail.com','2022-12-12 14:10:41','1988-11-10','0986689373','ethiopia','0986689373','Addis Ababa','Male','facebook/meteley','telegram/meteley','instagram/meteley','twitter/meteley','addis ababa, yeka k/k woreda 11',12,'True');
CREATE TABLE diary
(diary_id INTEGER PRIMARY KEY AUTOINCREMENT NOT NULL,
diary_content TEXT,
diary_status TEXT DEFAULT Active, description type text);
INSERT INTO diary VALUES(1,'YOU START WRITING A GREAT BOOKS BY INKING A LETTER','Active',NULL);
INSERT INTO diary VALUES(2,replace(replace(' when God evaluates we evolve\r\n\r\n                                \r\n                                \r\n                                \r\n                        ','\r',char(13)),'\n',char(10)),'Deleted',NULL);
INSERT INTO diary VALUES(3,replace(replace('  \r\nThis is my personal diary   i wrote it for test purpose\r\nwritten on date 2022-10-20\r\ngiven date  for diary: 2022- 10 -19  (meaning this is written on behalf of yesterday 3: 00)\r\n\r\n\r\ni felt happy today after listening to songs from my child hood \r\n                                \r\n\r\ni went to church to praise lord for the things he did to me\r\n                                \r\n                                \r\n                        \r\n\r\n                                \r\n                                \r\n                                \r\n                        ','\r',char(13)),'\n',char(10)),'Active',NULL);
INSERT INTO diary VALUES(4,replace(replace(' \r\n\r\n                                \r\nwent to church today   \r\n                                \r\n                        ','\r',char(13)),'\n',char(10)),'Deleted',NULL);
INSERT INTO diary VALUES(5,replace(replace(' \r\n\r\n                                \r\n    Hello world! by thomas kitaba                            \r\n                                \r\n                        ','\r',char(13)),'\n',char(10)),'Active',NULL);
INSERT INTO diary VALUES(6,replace(replace(' \r\n\r\n                                \r\n                                \r\n                                \r\n        Sad and happy 1 and2   then normal 3                ','\r',char(13)),'\n',char(10)),'Active',NULL);
INSERT INTO diary VALUES(7,replace(replace(' \r\n\r\n                                \r\n         Thomas kitaba test number ----                       \r\n                                \r\n                        ','\r',char(13)),'\n',char(10)),'Active',NULL);
INSERT INTO diary VALUES(8,replace(replace(' \r\n\r\n                                \r\n     thomas kitaba userdiarycategory test 2                         \r\n                                \r\n                        ','\r',char(13)),'\n',char(10)),'Active',NULL);
INSERT INTO diary VALUES(9,replace(replace(' \r\n\r\n                                \r\n                                \r\n                                \r\n                        asdf','\r',char(13)),'\n',char(10)),'Active',NULL);
INSERT INTO diary VALUES(10,replace(replace(' \r\n\r\n                                \r\n                                \r\n                                \r\n                        asdf','\r',char(13)),'\n',char(10)),'Active',NULL);
INSERT INTO diary VALUES(11,replace(replace(' \r\n\r\n                                \r\n                                \r\n                                adsf\r\n                        ','\r',char(13)),'\n',char(10)),'Active',NULL);
INSERT INTO diary VALUES(12,replace(replace(' \r\n\r\n                                \r\n                                \r\n                                adsf\r\n                        ','\r',char(13)),'\n',char(10)),'Active',NULL);
INSERT INTO diary VALUES(13,replace(replace(' \r\n\r\n                                \r\n                                \r\n                                \r\n                       the fifteenth diary ','\r',char(13)),'\n',char(10)),'Active',NULL);
INSERT INTO diary VALUES(14,replace(replace(' \r\n\r\n                                \r\n                                \r\n                                \r\n                        the fourteenth diay','\r',char(13)),'\n',char(10)),'Active',NULL);
INSERT INTO diary VALUES(15,replace(replace(' \r\n\r\n                                \r\n                                \r\n                                fifteenth diary unknown user diary category\r\n\r\n                        ','\r',char(13)),'\n',char(10)),'Active',NULL);
INSERT INTO diary VALUES(16,replace(replace(' \r\n\r\n                                \r\n                  15th diary and unknown userd diary log              \r\n                                \r\n                        ','\r',char(13)),'\n',char(10)),'Active',NULL);
INSERT INTO diary VALUES(17,replace(replace(' \r\n\r\n                                \r\n                                \r\n                                \r\n                        fifteenth diary and unknown userdiary log','\r',char(13)),'\n',char(10)),'Active',NULL);
INSERT INTO diary VALUES(18,replace(replace(' \r\n\r\n                                \r\n                                \r\n                                \r\n                        ','\r',char(13)),'\n',char(10)),'Active',NULL);
INSERT INTO diary VALUES(19,replace(replace('writen to check udc \r\n                                \r\n                                \r\n                                \r\n                        ','\r',char(13)),'\n',char(10)),'Active',NULL);
INSERT INTO diary VALUES(20,replace(replace(' \r\nafter correcting user diaryid[0]["ud_id"]\r\n                                \r\n                                \r\n                                \r\n                        ','\r',char(13)),'\n',char(10)),'Active',NULL);
INSERT INTO diary VALUES(21,replace(replace(' \r\n\r\n            after correctin userdiayr                     \r\n                                \r\n                                \r\n                        ','\r',char(13)),'\n',char(10)),'Active',NULL);
INSERT INTO diary VALUES(22,replace(replace(' after correcting userdiary  id   \r\n\r\n                                \r\n                            \r\n                                \r\n                        ','\r',char(13)),'\n',char(10)),'Active',NULL);
INSERT INTO diary VALUES(23,replace(replace(' \r\n\r\n                                \r\n                                \r\n                               asdf \r\n                        ','\r',char(13)),'\n',char(10)),'Active',NULL);
INSERT INTO diary VALUES(24,replace(replace(' \r\n\r\n                                \r\n      asdf                          \r\n                                \r\n                        ','\r',char(13)),'\n',char(10)),'Active',NULL);
INSERT INTO diary VALUES(25,replace(replace(' \r\n\r\n                                \r\n      asdf                          \r\n                                \r\n                        ','\r',char(13)),'\n',char(10)),'Active',NULL);
INSERT INTO diary VALUES(26,replace(replace(' \r\n\r\n                                \r\n      asdf                          \r\n                                \r\n                        ','\r',char(13)),'\n',char(10)),'Active',NULL);
INSERT INTO diary VALUES(27,replace(replace(' \r\n\r\n                                \r\n      asdf                          \r\n                                \r\n                        ','\r',char(13)),'\n',char(10)),'Active',NULL);
INSERT INTO diary VALUES(28,replace(replace(' \r\n\r\n                                \r\n      asdf                          \r\n                                \r\n                        ','\r',char(13)),'\n',char(10)),'Active',NULL);
INSERT INTO diary VALUES(29,replace(replace(' \r\n\r\n                                \r\n      asdf                          \r\n                                \r\n                        ','\r',char(13)),'\n',char(10)),'Active',NULL);
INSERT INTO diary VALUES(30,replace(replace(' \r\n\r\n                                \r\n      asdf                          \r\n                                \r\n                        ','\r',char(13)),'\n',char(10)),'Active',NULL);
INSERT INTO diary VALUES(31,replace(replace(' after correcting userdiarycategory tables schema\r\n\r\n                                \r\n                                \r\n                                \r\n                        ','\r',char(13)),'\n',char(10)),'Active',NULL);
INSERT INTO diary VALUES(32,replace(replace(' \r\nadsfasdf\r\n                                \r\n                                \r\n                                \r\n                        ','\r',char(13)),'\n',char(10)),'Active',NULL);
INSERT INTO diary VALUES(33,replace(replace(' checking userdiary ategory \r\n\r\n                                \r\n                                \r\n                                \r\n                        ','\r',char(13)),'\n',char(10)),'Active',NULL);
INSERT INTO diary VALUES(34,replace(replace(' checking userdiary ategory \r\n\r\n                                \r\n                                \r\n                                \r\n                        ','\r',char(13)),'\n',char(10)),'Active',NULL);
INSERT INTO diary VALUES(35,replace(replace('after correcting userdiary foreign key  \r\n\r\n                                \r\n                                \r\n                                \r\n                        ','\r',char(13)),'\n',char(10)),'Active',NULL);
INSERT INTO diary VALUES(36,replace(replace(' userdiarycatagory table succesfully corrected now it is bug free\r\n\r\n                                \r\n                                \r\n                                \r\n                        ','\r',char(13)),'\n',char(10)),'Active',NULL);
INSERT INTO diary VALUES(37,replace(replace(' userdiarycatagory table succesfully corrected now it is bug free\r\n\r\n                                \r\n                                \r\n                                \r\n                        ','\r',char(13)),'\n',char(10)),'Active',NULL);
INSERT INTO diary VALUES(38,replace(replace(' userdiarycatagory table succesfully corrected now it is bug free\r\n\r\n                                \r\n                                \r\n                                \r\n                        ','\r',char(13)),'\n',char(10)),'Active',NULL);
INSERT INTO diary VALUES(39,replace(replace(' \r\nall normal\r\n                                \r\n                                \r\n                                \r\n                        ','\r',char(13)),'\n',char(10)),'Deleted',NULL);
INSERT INTO diary VALUES(40,replace(replace('\r\nall 3 catagories selected as normal                      \r\n                                \r\n                                \r\n                        ','\r',char(13)),'\n',char(10)),'Active',NULL);
INSERT INTO diary VALUES(41,replace(replace(' \r\nnorma normal normal\r\n                                \r\n                                \r\n                                \r\n                        ','\r',char(13)),'\n',char(10)),'Deleted',NULL);
INSERT INTO diary VALUES(42,replace(replace(' all normal\r\n\r\n                                \r\n                                \r\n                                \r\n                        ','\r',char(13)),'\n',char(10)),'Active',NULL);
INSERT INTO diary VALUES(43,replace(replace(' \r\nudc_id should be 13\r\n                                \r\n                                \r\n                                \r\n                        ','\r',char(13)),'\n',char(10)),'Deleted',NULL);
INSERT INTO diary VALUES(44,replace(replace(' \r\nudc_id should be 13\r\n                                \r\n                                \r\n                                \r\n                        ','\r',char(13)),'\n',char(10)),'Active',NULL);
INSERT INTO diary VALUES(45,replace(replace(' \r\n\r\n                                \r\n                       asdf         \r\n                                \r\n                        ','\r',char(13)),'\n',char(10)),'Deleted',NULL);
INSERT INTO diary VALUES(46,replace(replace(' \r\n\r\n                                \r\n                       asdf         \r\n                                \r\n                        ','\r',char(13)),'\n',char(10)),'Active',NULL);
INSERT INTO diary VALUES(47,replace(replace(' \r\n\r\n                                \r\n                       asdf         \r\n                                \r\n                        ','\r',char(13)),'\n',char(10)),'Deleted',NULL);
INSERT INTO diary VALUES(48,replace(replace(' \r\n\r\n                                \r\n                       asdf         \r\n                                \r\n                        ','\r',char(13)),'\n',char(10)),'Active',NULL);
INSERT INTO diary VALUES(49,replace(replace(' \r\n\r\n                                \r\n                       asdf         \r\n                                \r\n                        ','\r',char(13)),'\n',char(10)),'Active',NULL);
INSERT INTO diary VALUES(50,replace(replace(' \r\n\r\n                                \r\n                                \r\n                     adsf           \r\n                        ','\r',char(13)),'\n',char(10)),'Active',NULL);
INSERT INTO diary VALUES(51,replace(replace(' \r\n\r\n                                \r\n                                \r\n                     adsf           \r\n                        ','\r',char(13)),'\n',char(10)),'Active',NULL);
INSERT INTO diary VALUES(52,replace(replace(' \r\nall normal\r\n                                \r\n                                \r\n                                \r\n                        ','\r',char(13)),'\n',char(10)),'Active',NULL);
INSERT INTO diary VALUES(53,replace(replace(' all 3 normal\r\n\r\n                                \r\n                                \r\n                                \r\n                        ','\r',char(13)),'\n',char(10)),'Active',NULL);
INSERT INTO diary VALUES(54,replace(replace(' \r\nthoomas kitaba before lunch\r\n                                \r\n                                \r\n                                \r\n                        ','\r',char(13)),'\n',char(10)),'Active',NULL);
INSERT INTO diary VALUES(55,replace(replace(' adsf\r\n\r\n                                \r\n                                \r\n                                \r\n                        ','\r',char(13)),'\n',char(10)),'Active',NULL);
INSERT INTO diary VALUES(56,replace(replace(' \r\n\r\n                                \r\nasdf\r\n                                \r\n                        ','\r',char(13)),'\n',char(10)),'Active',NULL);
INSERT INTO diary VALUES(57,replace(replace(' \r\n\r\n                                \r\n                                \r\n                      asdf          \r\n                        ','\r',char(13)),'\n',char(10)),'Active',NULL);
INSERT INTO diary VALUES(58,replace(replace(' \r\n\r\n                                \r\n                                \r\n                      asdf          \r\n                        ','\r',char(13)),'\n',char(10)),'Active',NULL);
INSERT INTO diary VALUES(59,replace(replace('3 Normal\r\n\r\n                                \r\n                                \r\n                                \r\n                        ','\r',char(13)),'\n',char(10)),'Active',NULL);
INSERT INTO diary VALUES(60,replace(replace('3 Normal\r\n\r\n                                \r\n                                \r\n                                \r\n                        ','\r',char(13)),'\n',char(10)),'Active',NULL);
INSERT INTO diary VALUES(61,replace(replace(' adsfkl\r\n\r\n                                \r\n                                \r\n                                \r\n                        ','\r',char(13)),'\n',char(10)),'Active',NULL);
INSERT INTO diary VALUES(62,replace(replace(' adsfkl\r\n\r\n                                \r\n                                \r\n                                \r\n                        ','\r',char(13)),'\n',char(10)),'Active',NULL);
INSERT INTO diary VALUES(63,replace(replace(' adsfkl\r\n\r\n                                \r\n                                \r\n                                \r\n                        ','\r',char(13)),'\n',char(10)),'Active',NULL);
INSERT INTO diary VALUES(64,replace(replace(' sad sad normal\r\n\r\n                                \r\n                                \r\n                                \r\n                        ','\r',char(13)),'\n',char(10)),'Active',NULL);
INSERT INTO diary VALUES(65,replace(replace(' today i went to church and found out a new administration is in place\r\n\r\n                                \r\n                                \r\n                                \r\n                        ','\r',char(13)),'\n',char(10)),'Active',NULL);
INSERT INTO diary VALUES(66,replace(replace('church happy sad\r\n\r\n                                \r\n                                \r\n                                \r\n                        ','\r',char(13)),'\n',char(10)),'Active',NULL);
INSERT INTO diary VALUES(67,replace(replace('church happy sad\r\n\r\n                                \r\n                                \r\n                                \r\n                        ','\r',char(13)),'\n',char(10)),'Active',NULL);
INSERT INTO diary VALUES(68,replace(replace('church happy sad\r\n\r\n                                \r\n                                \r\n                                \r\n                        ','\r',char(13)),'\n',char(10)),'Active',NULL);
INSERT INTO diary VALUES(69,replace(replace(' \r\n\r\n                                \r\n                                \r\n                                \r\n                        ','\r',char(13)),'\n',char(10)),'Active',NULL);
INSERT INTO diary VALUES(70,replace(replace(' all different\r\n                                \r\n                                \r\n                                \r\n                        ','\r',char(13)),'\n',char(10)),'Active',NULL);
INSERT INTO diary VALUES(71,replace(replace('normal sad happy\r\n                                \r\n                                \r\n                                \r\n                        ','\r',char(13)),'\n',char(10)),'Active',NULL);
INSERT INTO diary VALUES(72,replace(replace(' \r\n\r\n                                \r\n                                \r\n                                \r\n                        ','\r',char(13)),'\n',char(10)),'Active',NULL);
INSERT INTO diary VALUES(73,replace(replace(' \r\n\r\n                                \r\n                                \r\n                                \r\n                        ','\r',char(13)),'\n',char(10)),'Active',NULL);
INSERT INTO diary VALUES(74,replace(replace('  today i went to church  ሚካኢል \r\n\r\n worked on my small project tom-diary \r\n                                \r\n                                \r\n                                \r\n                        ','\r',char(13)),'\n',char(10)),'Active',NULL);
INSERT INTO diary VALUES(75,replace(replace(' i spent the sunday (today) in my bedroom doing some web app design\r\ni also went to chruch in the morning \r\n                                \r\n                                \r\n                                \r\n                        ','\r',char(13)),'\n',char(10)),'Active',NULL);
INSERT INTO diary VALUES(76,replace(replace(' \r\nhello\r\n                                \r\n                                \r\n                                \r\n                        ','\r',char(13)),'\n',char(10)),'Active',NULL);
INSERT INTO diary VALUES(77,replace(replace(' \r\nHello Thomas kitaba\r\n                                \r\n                                \r\n                                \r\n                        ','\r',char(13)),'\n',char(10)),'Active',NULL);
INSERT INTO diary VALUES(78,replace(replace(' \r\n\r\n                                \r\n                                \r\n                                \r\n                        ','\r',char(13)),'\n',char(10)),'Active',NULL);
INSERT INTO diary VALUES(79,replace(replace(' i am about to go to church\r\n\r\ni have accomplished something today(so i am happy)\r\n\r\nthe rest of the day was just a typical sunday\r\n\r\n\r\n                                \r\n                                \r\n                                \r\n                        ','\r',char(13)),'\n',char(10)),'Active',NULL);
INSERT INTO diary VALUES(80,replace(replace(' today i remembered that it has been exactly 2 years since the terrorist group shenae massacard inocent amharas ( so i was sad for that)\r\n\r\n\r\nii finished part of my prsonal web app project ( so i was happy)\r\n\r\n\r\ni went to st michael church to give tanks to jesus, for sending the arch angle to help me \r\n                                \r\n                                \r\n                                \r\n                        ','\r',char(13)),'\n',char(10)),'Active',NULL);
INSERT INTO diary VALUES(81,replace(replace(' \r\n today i remembered that it has been exactly 2 years since the terrorist group shenae massacard inocent amharas ( so i was sad for that)\r\n\r\n\r\nii finished part of my prsonal web app project ( so i was happy)\r\n\r\n\r\ni went to st michael church to give tanks to jesus, for sending the arch angle to help me \r\n                                \r\n                                \r\n                                \r\n                        \r\n                                \r\n                                \r\n                                \r\n                        ','\r',char(13)),'\n',char(10)),'Active',NULL);
INSERT INTO diary VALUES(82,replace(replace('  today i remembered that it has been exactly 2 years since the terrorist group shenae massacard inocent amharas ( so i was sad for that)\r\n\r\n\r\nii finished part of my prsonal web app project ( so i was happy)\r\n\r\n\r\ni went to st michael church to give tanks to jesus, for sending the arch angle to help me \r\n                                \r\n                                \r\n                                \r\n                        \r\n\r\n                                \r\n                                \r\n                                \r\n                        ','\r',char(13)),'\n',char(10)),'Active',NULL);
INSERT INTO diary VALUES(83,replace(replace(' i love ሰአሊተ ምህረት \r\n\r\nክፉ ሰዎች እያስቸገሩ በመሆኑ ተከፍተናል\r\n\r\nስራችንን ከግብ ስላደረስን ተደስተናል\r\n\r\n                                \r\n                                \r\n                                \r\n                        ','\r',char(13)),'\n',char(10)),'Active',NULL);
INSERT INTO diary VALUES(84,replace(replace(' New diary loged for the night\r\n\r\n                                \r\n                                \r\n                                \r\n                        ','\r',char(13)),'\n',char(10)),'Active',NULL);
INSERT INTO diary VALUES(85,replace(replace(' i just finished working on view condensed dairy information for \r\nthe logged in user so i am really happy \r\n\r\n                                \r\n                                \r\n                                \r\n                        ','\r',char(13)),'\n',char(10)),'Active',NULL);
INSERT INTO diary VALUES(86,replace(replace(' to make sure i have logged this------\r\n                                \r\n                                \r\n                                \r\n                        ','\r',char(13)),'\n',char(10)),'Active',NULL);
INSERT INTO diary VALUES(87,replace(replace(' \r\nhello\r\n                                \r\n                                \r\n                                \r\n                        ','\r',char(13)),'\n',char(10)),'Active',NULL);
INSERT INTO diary VALUES(88,replace(replace(' \r\n\r\n                                \r\n                                \r\n                                \r\n                        ','\r',char(13)),'\n',char(10)),'Active',NULL);
INSERT INTO diary VALUES(89,replace(replace(' now it is working\r\n\r\n                                \r\n                                \r\n                                \r\n                        ','\r',char(13)),'\n',char(10)),'Active',NULL);
INSERT INTO diary VALUES(90,replace(replace(' heeeeeeeeeee\r\n\r\n                                \r\n                                \r\n                                \r\n                        ','\r',char(13)),'\n',char(10)),'Active',NULL);
INSERT INTO diary VALUES(91,replace(replace(' \r\nnormal sad normalllllllllll\r\n                                \r\n                                \r\n                                \r\n                        ','\r',char(13)),'\n',char(10)),'Active',NULL);
INSERT INTO diary VALUES(92,replace(replace(' \r\n\r\n               asdfadsf                 \r\n                                \r\n                                \r\n                        ','\r',char(13)),'\n',char(10)),'Active',NULL);
INSERT INTO diary VALUES(93,replace(replace(' \r\n\r\n                                \r\n                                \r\n                                \r\n                        ','\r',char(13)),'\n',char(10)),'Active',NULL);
INSERT INTO diary VALUES(94,replace(replace('yesssssssssssssssssss\r\n\r\n                                \r\n                                \r\n                                \r\n                        ','\r',char(13)),'\n',char(10)),'Deleted',NULL);
INSERT INTO diary VALUES(95,replace(replace(' \r\nthomas\r\n                                \r\n                                \r\n                                \r\n                        ','\r',char(13)),'\n',char(10)),'Active',NULL);
INSERT INTO diary VALUES(96,replace(replace(' today is sunday \r\nadfadsf\r\nasdf\r\nasdf\r\nasdsf\r\nasdf\r\nasdf\r\nasdf\r\nasdf\r\nasd\r\nf\r\n\r\n                                \r\n                                \r\n                                \r\n                        ','\r',char(13)),'\n',char(10)),'Active',NULL);
INSERT INTO diary VALUES(97,replace(replace(' thomas kitaba \r\nhappy study\r\nfear of loard is the begning of wisdom\r\n\r\n                                \r\n                                \r\n                                \r\n                        ','\r',char(13)),'\n',char(10)),'Active',NULL);
INSERT INTO diary VALUES(98,replace(replace(' \r\ni just reversed the diary list and it worked\r\ni am about to study cisco \r\n                                \r\n                                \r\n                                \r\n                        ','\r',char(13)),'\n',char(10)),'Active',NULL);
INSERT INTO diary VALUES(99,replace(replace('fear of lord is the beginning of wisdom\r\ndiary 93\r\n\r\n                                \r\n                                \r\n                                \r\n                        ','\r',char(13)),'\n',char(10)),'Active',NULL);
INSERT INTO diary VALUES(100,replace(replace(' \r\nasdfasdf\r\n                                \r\n                                \r\n                                \r\n                        ','\r',char(13)),'\n',char(10)),'Active','diary-description');
INSERT INTO diary VALUES(101,replace(replace(' \r\ndiary take last unknown\r\n                                \r\n                                \r\n                                \r\n                        ','\r',char(13)),'\n',char(10)),'Active','diary-description');
INSERT INTO diary VALUES(102,replace(replace(' diary take last unkown\r\n\r\n                                \r\n                                \r\n                                \r\n                        ','\r',char(13)),'\n',char(10)),'Active','diary-description');
INSERT INTO diary VALUES(103,replace(replace(' asddfasdf\r\n\r\n                                \r\n                                \r\n                                \r\n                        ','\r',char(13)),'\n',char(10)),'Active','diary-description');
INSERT INTO diary VALUES(104,replace(replace(' asdfasdfads\r\n\r\n                                \r\n                                \r\n                                \r\n                        ','\r',char(13)),'\n',char(10)),'Active','diary-description');
INSERT INTO diary VALUES(105,replace(replace(' adfja;lsdkjf;laksd\r\n\r\n                                \r\n                                \r\n                                \r\n                        ','\r',char(13)),'\n',char(10)),'Deleted','diary-description');
INSERT INTO diary VALUES(106,replace(replace(' asdf\r\n\r\n                                \r\n                                \r\n                                \r\n                        ','\r',char(13)),'\n',char(10)),'Deleted','diary-description');
INSERT INTO diary VALUES(107,replace(replace(' \r\nafter changing not description to len(discription)\r\n                                \r\n                                \r\n                                \r\n                        ','\r',char(13)),'\n',char(10)),'Active','diary-description');
INSERT INTO diary VALUES(108,replace(replace(' \r\n\r\nis this empty diary\r\n                                \r\n                                \r\n                        ','\r',char(13)),'\n',char(10)),'Deleted','diary-description');
INSERT INTO diary VALUES(109,replace(replace('\r\n\r\n                              Dear: meteley\r\nWrite your diary here\r\nChange to another DATE\r\n	\r\nChange to another TIME   \r\n                                \r\n                                \r\n                        ','\r',char(13)),'\n',char(10)),'Active','description added here');
INSERT INTO diary VALUES(110,replace(replace(' \r\nadsf;aksjdf \r\n                                \r\n                                \r\n                                \r\n                        ','\r',char(13)),'\n',char(10)),'Deleted','sad in the middle');
INSERT INTO diary VALUES(111,replace(replace(' \r\nasdf\r\n                                \r\n                                \r\n                                \r\n                        ','\r',char(13)),'\n',char(10)),'Deleted','sad in the middle');
INSERT INTO diary VALUES(112,replace(replace(' \r\nhello thomas kitba\r\n                                \r\n                                \r\n                                \r\n                        ','\r',char(13)),'\n',char(10)),'Deleted','asdf');
INSERT INTO diary VALUES(113,replace(replace(' \r\n\r\n                                xcvb\r\n                                \r\n                                \r\n                        ','\r',char(13)),'\n',char(10)),'Deleted','asdsf');
INSERT INTO diary VALUES(114,replace(replace(' \r\n\r\n                                \r\n                                \r\n                                \r\n                        ','\r',char(13)),'\n',char(10)),'Deleted','adsf');
INSERT INTO diary VALUES(115,replace(replace(' asdfasdf\r\n\r\n                                \r\n                                \r\n                                \r\n                        ','\r',char(13)),'\n',char(10)),'Deleted','normal sad');
INSERT INTO diary VALUES(116,replace(replace(' \r\n                                             asdfasdf \r\ni went to sealite meheret church\r\n\r\n\r\n                                \r\n                                \r\n                                \r\n                        \r\n                                            \r\n                                            \r\n                                            ','\r',char(13)),'\n',char(10)),'Deleted','normal sad');
INSERT INTO diary VALUES(117,replace(replace(' \r\n                                             normal church\r\ni went to clinic to check know my blood group\r\n\r\n                                \r\n                                \r\n                                \r\n                        \r\n                                            \r\n                                            \r\n                                            ','\r',char(13)),'\n',char(10)),'Deleted','nc');
INSERT INTO diary VALUES(118,replace(replace(' \r\n\r\n                                \r\n                                \r\n                                \r\n                        adf','\r',char(13)),'\n',char(10)),'Deleted','asdf');
INSERT INTO diary VALUES(119,replace(replace(' adsf\r\n\r\n                                \r\n                                \r\n                                \r\n                        ','\r',char(13)),'\n',char(10)),'Deleted','description added here');
INSERT INTO diary VALUES(120,replace(replace(' asdf\r\n\r\n                                \r\n                                \r\n                                \r\n                        ','\r',char(13)),'\n',char(10)),'Deleted','desc');
INSERT INTO diary VALUES(121,replace(replace(' \r\nadsf\r\n                                \r\n                                \r\n                                \r\n                        ','\r',char(13)),'\n',char(10)),'Deleted','description added here');
INSERT INTO diary VALUES(122,replace(replace(' \r\nhope fully working normal checkup normal\r\n                                \r\n                                \r\n                                \r\n                        ','\r',char(13)),'\n',char(10)),'Deleted','ncn');
INSERT INTO diary VALUES(123,replace(replace(' the problem that was making my web app act weird was cilly\r\ninstad of assigning cat_3 variable ( catagory3 s'' id) \r\n\r\nan integer was assigned \r\n\r\n \r\n\r\n\r\n                                \r\n                                \r\n                                \r\n                        ','\r',char(13)),'\n',char(10)),'Deleted','happy');
INSERT INTO diary VALUES(124,replace(replace(' \r\n                                         i corrected a bug in my code, which was making my app generate \r\nunwanted result so i am happy for that \r\n\r\n                                \r\n                                \r\n                                \r\n                        \r\n                                            \r\n                                            \r\n                                            ','\r',char(13)),'\n',char(10)),'Active','i forgot to write something ( hopefully i will add it as soon as i remember what it is)');
INSERT INTO diary VALUES(125,replace(replace(' some people are trying to create problem around our village\r\n\r\n                                \r\n                                \r\n                                \r\n                        ','\r',char(13)),'\n',char(10)),'Deleted','security problem');
INSERT INTO diary VALUES(126,replace(replace(' \r\nasdfadsf\r\n                                \r\n                                \r\n                                \r\n                        ','\r',char(13)),'\n',char(10)),'Deleted','asdf');
INSERT INTO diary VALUES(127,replace(replace(' thomas kitaba test diary log\r\n                                \r\n                                \r\n                                \r\n                        ','\r',char(13)),'\n',char(10)),'Deleted','test');
INSERT INTO diary VALUES(128,replace(replace(' THomas kitaba feyissa beyena \r\n                                \r\n                                \r\n                                \r\n                        ','\r',char(13)),'\n',char(10)),'Deleted','family name');
INSERT INTO diary VALUES(129,replace(replace('i started working on edit buttons and pop ups\r\n\r\n                                \r\n                                \r\n                                \r\n                        ','\r',char(13)),'\n',char(10)),'Deleted','popups');
INSERT INTO diary VALUES(130,replace(replace(' \r\n                                             \r\n                                Thomas kitaba \r\nToday i remembered that it has been exactly 2 years since the terrorist group shenae massacard inocent amharas ( so i was sad for that) ii finished part of my prsonal web app project ( so i was happy) i went to st michael church to give tanks to jesus, for sending the arch angle to help me \r\n                                \r\n                                \r\n                                \r\n                        \r\n                                            \r\n                                            \r\n                                            \r\n                                            \r\n                                            \r\n                                            ','\r',char(13)),'\n',char(10)),'Active','this is my description');
INSERT INTO diary VALUES(131,replace(replace(' Hello world this is thomas kitaba\r\n\r\n              today i remembered that it has been exactly 2 years since the terrorist group shenae massacard inocent amharas ( so i was sad for that) ii finished part of my prsonal web app project ( so i was happy) i went to st michael church to give tanks to jesus, for sending the arch angle to help me                   \r\n                                \r\n                                \r\n                        ','\r',char(13)),'\n',char(10)),'Deleted','checking the output');
INSERT INTO diary VALUES(132,replace(replace('  -Add "catagorytype" table to project tom-diary          \r\n                                \r\n                                \r\n                        ','\r',char(13)),'\n',char(10)),'Active','things to be added to my project');
INSERT INTO diary VALUES(133,replace(replace(' - user diary table: if diary is edited changed   increment number_of_edits field by 1\r\n\r\n- when registering for the first time \r\ninsert" Today i created tom-diary account".\r\n\r\n- Add how many times the user has changed his profile\r\n\r\n- show user dates with empty diary\r\n\r\n-\r\n \r\n\r\n\r\n                                \r\n                                \r\n                                \r\n                        ','\r',char(13)),'\n',char(10)),'Active','No Description');
INSERT INTO diary VALUES(134,replace(replace(' \r\n- Enable user to Export his diary as Excel \r\n                                \r\n                                \r\n                                \r\n                        ','\r',char(13)),'\n',char(10)),'Active','to be added ');
INSERT INTO diary VALUES(135,replace(replace(' \r\n                                                                                     \r\n- Recycle bin(icon) enable users to recover deleted data\r\n( when deleting Diary provide users with check box to\r\nsend to recyclebin    ,  delete permanently ) options\r\n\r\n\r\n- when user saves diary content    remove unecessory spaces at the begning of the first line\r\n\r\n - enable user to add imges link to his diary\r\n\r\n\r\n - ADD reset   catagory  to default in catagory managemnt page \r\n                           \r\n                                \r\n                                \r\n                        \r\n                                            \r\n                                            \r\n                                            \r\n                                            \r\n                                            \r\n                                            \r\n                                            \r\n                                            \r\n                                            \r\n                                            \r\n                                            \r\n                                            ','\r',char(13)),'\n',char(10)),'Active','No Description');
INSERT INTO diary VALUES(136,replace(replace(' \r\n\r\n                                \r\n                                \r\n                                \r\n                        ','\r',char(13)),'\n',char(10)),'Deleted','No Description');
INSERT INTO diary VALUES(137,replace(replace(' \r\n                                             \r\ntoday i went to church \r\nan it was owsome\r\n                                \r\n                                     \r\n\r\n                                \r\n                                     \r\n\r\n                                \r\n                                     \r\n\r\n                                \r\n                                     \r\n\r\n                                \r\n                                     \r\n\r\n                                \r\n                                     \r\n\r\n                                \r\n                                     \r\n\r\n                                \r\n                                     \r\n\r\n                                \r\n                                     \r\n\r\n                                \r\n                                     \r\n\r\n                                \r\n                                     \r\n\r\n                                \r\n                                     \r\n\r\n                                \r\n                                     \r\n\r\n                                \r\n                                \r\n                                \r\n                        \r\n                                \r\n                                \r\n                                \r\n                        \r\n                                \r\n                                \r\n                                \r\n                        \r\n                                \r\n                                \r\n                                \r\n                        \r\n                                \r\n                                \r\n                                \r\n                        \r\n                                \r\n                                \r\n                                \r\n                        \r\n                                \r\n                                \r\n                                \r\n                        \r\n                                \r\n                                \r\n                                \r\n                        \r\n                                \r\n                                \r\n                                \r\n                        \r\n                                \r\n                                \r\n                                \r\n                        \r\n                                \r\n                                \r\n                                \r\n                        \r\n                                \r\n                                \r\n                                \r\n                        \r\n                                \r\n                                \r\n                                \r\n                        \r\n                                \r\n                                \r\n                                \r\n                        \r\n                                            \r\n                                            \r\n                                            ','\r',char(13)),'\n',char(10)),'Deleted','church');
INSERT INTO diary VALUES(138,replace(replace(' \r\n\r\n                                \r\n                                     \r\n\r\n                                \r\n                                     \r\n\r\n  - my home project is going well \r\n\r\n                              \r\n                                     \r\n\r\n                                \r\n                                \r\n                                \r\n                        \r\n                                \r\n                                \r\n                                \r\n                        \r\n                                \r\n                                \r\n                                \r\n                        \r\n                                \r\n                                \r\n                                \r\n                        ','\r',char(13)),'\n',char(10)),'Deleted','No Description');
INSERT INTO diary VALUES(139,replace(replace(' pace treaty was signed between ethiopians and \r\nthe so called tplf junta\r\n\r\n                                \r\n                                     \r\n\r\n                                \r\n                                     \r\n\r\n                                \r\n                                     \r\n\r\n                                \r\n                                     \r\npace agreement was signed by ethiopian people and the so called tplf junta in southafrica\r\n                                \r\n                                \r\n                                \r\n                        \r\n                                \r\n                                \r\n                                \r\n                        \r\n                                \r\n                                \r\n                                \r\n                        \r\n                                \r\n                                \r\n                                \r\n                        \r\n                                \r\n                                \r\n                                \r\n                        ','\r',char(13)),'\n',char(10)),'Active','peace agreement');
INSERT INTO diary VALUES(140,replace(replace('thomas kitaba\r\n Sample diary written to check if we can edit our diary here\r\nand save it to our database\r\n\r\n                            \r\n                            \r\n                            \r\n                    \r\n                                            \r\n                                            \r\n                                            ','\r',char(13)),'\n',char(10)),'Active','description');
INSERT INTO diary VALUES(141,replace(replace(' thomas kitaba  i am about to start taking class for driver license\r\n\r\n                            \r\n                            \r\n                            \r\n                    ','\r',char(13)),'\n',char(10)),'Active','No Description');
INSERT INTO diary VALUES(142,replace(replace(' \r\nthis is my real tom-diary account\r\n\r\n                            \r\n                            \r\n                            \r\n                    \r\n                                            \r\n                                            \r\n                                            ','\r',char(13)),'\n',char(10)),'Active','No Description');
INSERT INTO diary VALUES(143,replace(replace(' I started learning for Driver license\r\n"at Focus drivering license ----"\r\n\r\n\r\n                            \r\n                            \r\n                            \r\n                    ','\r',char(13)),'\n',char(10)),'Active','No Description');
INSERT INTO diary VALUES(144,replace(replace(' 3rd day of class at fox dirivng licence school\r\n\r\n\r\n                            \r\n                            \r\n                            \r\n                    ','\r',char(13)),'\n',char(10)),'Active','No Description');
INSERT INTO diary VALUES(145,replace(replace(' 3 rd day of school at fox driving licence shool\r\n\r\n                            \r\n                            \r\n                            \r\n                    ','\r',char(13)),'\n',char(10)),'Active','day 3');
INSERT INTO diary VALUES(146,replace(replace(' written to check if search specific date is working\r\n                            \r\n                            \r\n                            \r\n                    ','\r',char(13)),'\n',char(10)),'Active','No Description');
INSERT INTO diary VALUES(147,replace(replace(' written to check if specific date seach is working\r\nhello thomas kitaba \r\n                            \r\n                            \r\n                            \r\n                    ','\r',char(13)),'\n',char(10)),'Active','No Description');
INSERT INTO diary VALUES(148,replace(replace(' \r\nchanged the order of year month day to month day year\r\n                            \r\n                            \r\n                            \r\n                    ','\r',char(13)),'\n',char(10)),'Active','No Description');
INSERT INTO diary VALUES(149,replace(replace(' \r\n Hello this is thomas kitaba              \r\n                            \r\n                            \r\n                    \r\n                                            \r\n                                            \r\n                                            \r\n                                            \r\n                                            \r\n                                            \r\n                                            \r\n                                            \r\n                                            \r\n                                            \r\n                                            \r\n                                            ','\r',char(13)),'\n',char(10)),'Active','No Description');
INSERT INTO diary VALUES(150,replace(replace(' \r\n                                             Started working on email confirmation\r\n\r\n                            \r\n                            \r\n                            \r\n                    \r\n                                            \r\n                                            \r\n                                            ','\r',char(13)),'\n',char(10)),'Active','email confimation');
INSERT INTO diary VALUES(151,replace(replace(' \r\n Bugs to be corrected\r\n1- check the javascript code for clock the function is spiting 1 less than current month \r\non line----8   (for the time being temporary solution is implemented)\r\n\r\n2- when registering with empty fields, the post sent the server knows the method but it rejects it.  \r\n\r\n                            \r\n                            \r\n                            \r\n                    \r\n                                            \r\n                                            \r\n                                            ','\r',char(13)),'\n',char(10)),'Active','errors');
INSERT INTO diary VALUES(152,replace(replace(' today was st Michaels day\r\ndriving school was fun\r\n\r\n                            \r\n                            \r\n                            \r\n                    ','\r',char(13)),'\n',char(10)),'Active','No Description');
INSERT INTO diary VALUES(153,replace(replace(' \r\n\r\n                            \r\n                            \r\n                            \r\n                    ','\r',char(13)),'\n',char(10)),'Active','No Description');
INSERT INTO diary VALUES(154,replace(replace(' \r\n\r\n                            \r\n                            \r\n                            \r\n                    ','\r',char(13)),'\n',char(10)),'Active','No Description');
INSERT INTO diary VALUES(155,replace(replace(' asdf\r\n\r\n          \r\n                            \r\n    ','\r',char(13)),'\n',char(10)),'Active','No Description');
INSERT INTO diary VALUES(156,replace(replace(' \r\nadsf\r\n          \r\n                            \r\n    ','\r',char(13)),'\n',char(10)),'Active','No Description');
INSERT INTO diary VALUES(157,replace(replace(' \r\n\r\n          \r\n                            \r\n    ','\r',char(13)),'\n',char(10)),'Active','No Description');
INSERT INTO diary VALUES(158,replace(replace(' \r\nadf\r\n          \r\n                            \r\n    ','\r',char(13)),'\n',char(10)),'Active','No Description');
INSERT INTO diary VALUES(159,replace(replace(' adf\r\n\r\n          \r\n                            \r\n    ','\r',char(13)),'\n',char(10)),'Active','No Description');
INSERT INTO diary VALUES(160,replace(replace(' adf\r\n\r\n          \r\n                            \r\n    ','\r',char(13)),'\n',char(10)),'Active','No Description');
INSERT INTO diary VALUES(161,replace(replace(' \r\n\r\n          \r\n                            \r\n    ','\r',char(13)),'\n',char(10)),'Active','No Description');
INSERT INTO diary VALUES(162,replace(replace(' \r\n\r\n          \r\n                            \r\n    ','\r',char(13)),'\n',char(10)),'Active','No Description');
INSERT INTO diary VALUES(163,replace(replace('\r\n thomas kitaba with multiple catagory options\r\n\r\n          \r\n                            \r\n    ','\r',char(13)),'\n',char(10)),'Deleted','No Description');
INSERT INTO diary VALUES(164,replace(replace(' thomas kitaba \r\n\r\n          \r\n                            \r\n    ','\r',char(13)),'\n',char(10)),'Deleted','No Description');
INSERT INTO diary VALUES(165,replace(replace(' \r\nasdfa\r\n          \r\n                            \r\n    ','\r',char(13)),'\n',char(10)),'Deleted','No Description');
INSERT INTO diary VALUES(166,replace(replace(' sdf\r\n\r\n          \r\n                            \r\n    ','\r',char(13)),'\n',char(10)),'Deleted','No Description');
INSERT INTO diary VALUES(167,replace(replace(' \r\nthomas kitaba\r\n          \r\n                            \r\n    ','\r',char(13)),'\n',char(10)),'Deleted','No Description');
INSERT INTO diary VALUES(168,replace(replace(' thomas kitaba multiple catagory dropdown test\r\n          \r\n                            \r\n    ','\r',char(13)),'\n',char(10)),'Deleted','test multiple catagory');
INSERT INTO diary VALUES(169,replace(replace('  የጥብብ መጀመሪያ      \r\nእግዚአብሄርን መፍራት ነው\r\n                            \r\n    \r\n\r\n          \r\n                            \r\n    ','\r',char(13)),'\n',char(10)),'Active','ቶማስ ኪታባ');
INSERT INTO diary VALUES(170,replace(replace(' \r\n የጥብብ መጀመሪያ      \r\nእግዚአብሄርን መፍራት ነው\r\n                            \r\n    \r\n          \r\n                            \r\n    ','\r',char(13)),'\n',char(10)),'Deleted','No Description');
INSERT INTO diary VALUES(171,replace(replace(' \r\n\r\n           የጥብብ መጀመሪያ      \r\nእግዚአብሄርን መፍራት ነው\r\n                            \r\n    \r\n                            \r\n    ','\r',char(13)),'\n',char(10)),'Deleted','No Description');
INSERT INTO diary VALUES(172,replace(replace(' multiple_catagories_selected\r\n\r\n          \r\n                            \r\n    ','\r',char(13)),'\n',char(10)),'Deleted','No Description');
INSERT INTO diary VALUES(173,replace(replace(' \r\n\r\n          \r\n                            \r\n    ','\r',char(13)),'\n',char(10)),'Deleted','No Description');
INSERT INTO diary VALUES(174,replace(replace(' \r\nasdf\r\n          \r\n                            \r\n    ','\r',char(13)),'\n',char(10)),'Deleted','No Description');
INSERT INTO diary VALUES(175,replace(replace(' \r\n\r\n          \r\n                            \r\n    adf','\r',char(13)),'\n',char(10)),'Deleted','No Description');
INSERT INTO diary VALUES(176,replace(replace(' \r\n\r\n          \r\n                            \r\n    ','\r',char(13)),'\n',char(10)),'Deleted','No Description');
INSERT INTO diary VALUES(177,replace(replace(' \r\n\r\n          \r\n                            \r\n    ','\r',char(13)),'\n',char(10)),'Deleted','No Description');
INSERT INTO diary VALUES(178,replace(replace(' \r\n\r\n          \r\n                            \r\n    ','\r',char(13)),'\n',char(10)),'Deleted','No Description');
INSERT INTO diary VALUES(179,replace(replace(' hello\r\n          \r\n                            \r\n    ','\r',char(13)),'\n',char(10)),'Deleted','No Description');
INSERT INTO diary VALUES(180,replace(replace(' test with range and length\r\n\r\n          \r\n                            \r\n    ','\r',char(13)),'\n',char(10)),'Deleted','No Description');
INSERT INTO diary VALUES(181,replace(replace(' \r\nthomas kitaba poetry\r\ntest with range and len\r\n          \r\n                            \r\n    ','\r',char(13)),'\n',char(10)),'Deleted','No Description');
INSERT INTO diary VALUES(182,replace(replace(' \r\nthomas kitaba poetry\r\ntest with range and len\r\n          \r\n                            \r\n    ','\r',char(13)),'\n',char(10)),'Deleted','No Description');
INSERT INTO diary VALUES(183,replace(replace(' \r\nselect all thomas kitaba\r\ntest with range\r\n          \r\n                            \r\n    ','\r',char(13)),'\n',char(10)),'Deleted','No Description');
INSERT INTO diary VALUES(184,replace(replace(' session["added_user_diary_id"]\r\n\r\n          \r\n                            \r\n    ','\r',char(13)),'\n',char(10)),'Deleted','No Description');
INSERT INTO diary VALUES(185,replace(replace(' asdf\r\n\r\n          \r\n                            \r\n    ','\r',char(13)),'\n',char(10)),'Deleted','No Description');
INSERT INTO diary VALUES(186,replace(replace(' \r\n\r\n          \r\n                            \r\n    ','\r',char(13)),'\n',char(10)),'Deleted','No Description');
INSERT INTO diary VALUES(187,replace(replace(' \r\n\r\n          \r\n                            \r\n    ','\r',char(13)),'\n',char(10)),'Deleted','No Description');
INSERT INTO diary VALUES(188,replace(replace(' \r\n\r\n          \r\n                            \r\n    ','\r',char(13)),'\n',char(10)),'Deleted','No Description');
INSERT INTO diary VALUES(189,replace(replace(' ads\r\n\r\n          \r\n                            \r\n    ','\r',char(13)),'\n',char(10)),'Deleted','No Description');
INSERT INTO diary VALUES(190,replace(replace(' asdf\r\n\r\n          \r\n                            \r\n    ','\r',char(13)),'\n',char(10)),'Deleted','No Description');
INSERT INTO diary VALUES(191,replace(replace('thomas kitaba \r\nall my ideas\r\n\r\n          \r\n                            \r\n    ','\r',char(13)),'\n',char(10)),'Deleted','No Description');
INSERT INTO diary VALUES(192,replace(replace(' thomas kitaba\r\ncorrected using         \r\nsplited_multiple_catagories\r\n\r\n\r\n          \r\n                            \r\n    ','\r',char(13)),'\n',char(10)),'Deleted','No Description');
INSERT INTO diary VALUES(193,replace(replace(' \r\nsave with all my general type sub catagories\r\n          \r\n                            \r\n    ','\r',char(13)),'\n',char(10)),'Deleted','No Description');
INSERT INTO diary VALUES(194,replace(replace('final test for multi subcatagory selection \r\ndiary log \r\nauthor thomas kitaba\r\n\r\n          \r\n                            \r\n    ','\r',char(13)),'\n',char(10)),'Active','No Description');
INSERT INTO diary VALUES(195,replace(replace(' thomas kitaba final test 2\r\n\r\n          \r\n                            \r\n    ','\r',char(13)),'\n',char(10)),'Deleted','No Description');
INSERT INTO diary VALUES(196,replace(replace(' thomas kitaba final test 2\r\n\r\n          \r\n                            \r\n    ','\r',char(13)),'\n',char(10)),'Active','No Description');
INSERT INTO diary VALUES(197,replace(replace(' thomas kitaba my news\r\n\r\n          \r\n                            \r\n    ','\r',char(13)),'\n',char(10)),'Active','No Description');
INSERT INTO diary VALUES(198,replace(replace(' \r\n\r\n      asdf    \r\n                            \r\n    ','\r',char(13)),'\n',char(10)),'Active','No Description');
INSERT INTO diary VALUES(199,replace(replace('test log for news catagory type\r\n\r\n          \r\n                            \r\n    \r\n                                            \r\n               ','\r',char(13)),'\n',char(10)),'Active','No Description');
INSERT INTO diary VALUES(200,replace(replace(' \r\n- work on take log page\r\nwhen catagory type select box value changes \r\nsend request using ajax and JSON to update the sub catagory multiselect drop down box with out refreshing\r\n          \r\n                            \r\n    ','\r',char(13)),'\n',char(10)),'Active','No Description');
INSERT INTO diary VALUES(201,replace(replace(' \r\n\r\n          \r\n                            \r\n    ','\r',char(13)),'\n',char(10)),'Deleted','No Description');
INSERT INTO diary VALUES(202,replace(replace(' thomas kitaba testlog\r\ncatagory type: learning\r\nsub catagory: css, must read and c programing\r\n\r\n\r\n\r\n          \r\n                            \r\n    ','\r',char(13)),'\n',char(10)),'Active','No Description');
INSERT INTO diary VALUES(203,replace(replace(' \r\ntoday was the same as every other day ( Normal)\r\ni found out something that made me happy (  happy)\r\nunfortunately someone died in our neighborhood (sad)\r\ni have date tonight with someone mysterious (date)\r\nan earthquake with magnitude of 5.4 shaked our village (natural diaster) \r\n \r\n          \r\n                            \r\n    ','\r',char(13)),'\n',char(10)),'Active','No Description');
INSERT INTO diary VALUES(204,replace(replace(' \r\n            \r\n          \r\n                            \r\n    ','\r',char(13)),'\n',char(10)),'Active','No Description');
INSERT INTO diary VALUES(205,replace(replace(' \r\n            \r\n          \r\n                            \r\n    ','\r',char(13)),'\n',char(10)),'Active','No Description');
INSERT INTO diary VALUES(206,replace(replace(' \r\n            \r\n          \r\n                            \r\n    ','\r',char(13)),'\n',char(10)),'Deleted','No Description');
INSERT INTO diary VALUES(207,replace(replace(' 1- generate flash message to tell newly registering user about ivalid email address\r\nor add error handling for user email\r\n\r\n          \r\n                            \r\n    ','\r',char(13)),'\n',char(10)),'Active','No Description');
INSERT INTO diary VALUES(208,replace(replace(' \r\n1 - IMPORTANT: create index for userdairy''s  given_date and written_date\r\n2-          ''''                ''''           ''''         userdiarycatagory s'' catagory_name\r\n          \r\n                            \r\n    ','\r',char(13)),'\n',char(10)),'Active','IMPORTANT: to make our web app a lot faster');
INSERT INTO diary VALUES(209,replace(replace(' \r\n                                             \r\n                                             1. tom-diary version 2 SESSIONS\r\n- session["user_id"] \r\n- session["start_date"]\r\n- session["end_date"]\r\n-session["all_catagory_json"]\r\n-session["catagory_types"]\r\n\r\n          \r\n                            \r\n    \r\n                                            \r\n                                            \r\n                                            \r\n                                            \r\n                                            \r\n                                            ','\r',char(13)),'\n',char(10)),'Active','flask sessions');
INSERT INTO diary VALUES(210,replace(replace(' \r\n                                             \r\n-  they decide to create and publish search ads using Google Ads and Microsoft Advertising. \r\n\r\n- what is showcasing Google reviews\r\n          \r\n                            \r\n    \r\n                                            \r\n                                            \r\n                                            ','\r',char(13)),'\n',char(10)),'Active','No Description');
INSERT INTO diary VALUES(211,replace(replace(' \r\n\r\n          \r\n                            \r\n    ','\r',char(13)),'\n',char(10)),'Active','No Description');
INSERT INTO diary VALUES(212,replace(replace(' all learning selected\r\n\r\n          \r\n                            \r\n    ','\r',char(13)),'\n',char(10)),'Deleted','No Description');
INSERT INTO diary VALUES(213,replace(replace(' \r\n\r\n          \r\nsdgasdgasgasdg\r\n    ','\r',char(13)),'\n',char(10)),'Deleted','No Description');
INSERT INTO diary VALUES(214,replace(replace(' \r\ntest JSON AJAX     page diary\r\n          \r\n                            \r\n    ','\r',char(13)),'\n',char(10)),'Active','No Description');
INSERT INTO diary VALUES(215,replace(replace(' Today is 6th day of my driving license practice\r\nand it is going so well\r\n\r\n          \r\n                            \r\n    ','\r',char(13)),'\n',char(10)),'Active','No Description');
INSERT INTO diary VALUES(216,replace(replace(' \r\n                                             \r\n1- finish edit profile   back end code\r\n2- do some CISCO\r\n3- add Todo list  page when user logs in to the app\r\n\r\n \r\n\r\n          \r\n                            \r\n    \r\n                                            \r\n                                            \r\n                                            \r\n                                            \r\n                                            \r\n                                            ','\r',char(13)),'\n',char(10)),'Active','No Description');
INSERT INTO diary VALUES(217,replace(replace(' \r\n1፟ 8 ቁጥር መሰናክል ሰራሁ።\r\n2፟ i downloaded my "attract and engage customers with digital marketing" certificate\r\n\r\n          \r\n                            \r\n    \r\n                                            \r\n                                            \r\n                                            ','\r',char(13)),'\n',char(10)),'Active','No Description');
INSERT INTO diary VALUES(218,replace(replace(' 1- ድልድይ መሰናክል ሰራሁ\r\n\r\n          \r\n                            \r\n    ','\r',char(13)),'\n',char(10)),'Active','No Description');
INSERT INTO diary VALUES(219,replace(replace(' 3- አንድ ቁጥር መሰናክል ሰራን\r\n','\r',char(13)),'\n',char(10)),'Active','No Description');
INSERT INTO diary VALUES(220,replace(replace(' - on view diary page   instead ordering diaries based on "diary written date" \r\norder diaries based on given log date.\r\n\r\n          \r\n                            \r\n    ','\r',char(13)),'\n',char(10)),'Active','No Description');
INSERT INTO diary VALUES(221,replace(replace('1- today was st Gabriels'' day    \r\n2- we talked about somethings with demise\r\n\r\n          \r\n                            \r\n    ','\r',char(13)),'\n',char(10)),'Active','No Description');
CREATE TABLE userdiary
(ud_id INTEGER PRIMARY KEY AUTOINCREMENT NOT NULL,
d_id INTEGER,
u_id INTEGER,
given_date TEXT DEFAULT CURRENT_TIMESTAMP,
diary_written_date type text, diary_written_time type text, given_time type text, number_of_edits type integer default 0, number_of_ edits type integer default 0,
FOREIGN KEY(d_id) REFERENCES diary(diary_id),
FOREIGN KEY(u_id) REFERENCES users(id));
INSERT INTO userdiary VALUES(1,1,1,'2022-11-09','2022-10-19','10:10:10','00:08:12',2,0);
INSERT INTO userdiary VALUES(2,2,14,'2022-11-09','2022-10-19','10:10:10','00:08:12',2,0);
INSERT INTO userdiary VALUES(3,3,4,'2022-11-09','2022-10-20','11:46:22','00:08:12',2,0);
INSERT INTO userdiary VALUES(4,4,4,'2022-11-09','2022-10-20','11:46:22','00:08:12',2,0);
INSERT INTO userdiary VALUES(5,5,4,'2022-11-09','2022-10-20','11:46:22','00:08:12',2,0);
INSERT INTO userdiary VALUES(6,6,4,'2022-11-09','2022-10-20','11:46:22','00:08:12',2,0);
INSERT INTO userdiary VALUES(7,7,4,'2022-11-09','2022-10-20 ','11:46:22','00:08:12',2,0);
INSERT INTO userdiary VALUES(8,8,4,'2022-11-09','2022-10-20','11:46:22','00:08:12',2,0);
INSERT INTO userdiary VALUES(9,15,12,'2022-11-09','2022-10-21','11:46:22','00:08:12',2,0);
INSERT INTO userdiary VALUES(10,16,12,'2022-11-09','2022-10-21','11:46:56','00:08:12',2,0);
INSERT INTO userdiary VALUES(11,17,12,'2022-11-09','2022-10-21','11:47:45','00:08:12',2,0);
INSERT INTO userdiary VALUES(12,18,12,'2022-11-09','2022-10-21','11:54:21','00:08:12',2,0);
INSERT INTO userdiary VALUES(13,19,12,'2022-11-09','2022-10-21','11:46:22','00:08:12',2,0);
INSERT INTO userdiary VALUES(14,20,12,'2022-11-09','2022-10-21','11:46:22','00:08:12',2,0);
INSERT INTO userdiary VALUES(15,21,12,'2022-11-09','2022-10-21','12:11:48','00:08:12',2,0);
INSERT INTO userdiary VALUES(16,22,12,'2022-11-09','2022-10-21','12:11:48','00:08:12',2,0);
INSERT INTO userdiary VALUES(17,23,12,'2022-11-09','2022-10-21','12:11:48','00:08:12',2,0);
INSERT INTO userdiary VALUES(18,24,12,'2022-11-09','2022-10-21','12:11:48','00:08:12',2,0);
INSERT INTO userdiary VALUES(19,25,12,'2022-11-09','2022-10-21','12:11:48','00:08:12',2,0);
INSERT INTO userdiary VALUES(20,26,12,'2022-11-09','2022-10-21','12:11:48','00:08:12',2,0);
INSERT INTO userdiary VALUES(21,27,12,'2022-11-09','2022-10-21','12:11:48','00:08:12',2,0);
INSERT INTO userdiary VALUES(22,28,12,'2022-11-09','2022-10-21','12:11:48','00:08:12',2,0);
INSERT INTO userdiary VALUES(23,29,12,'2022-11-09','2022-10-21','12:11:48','00:08:12',2,0);
INSERT INTO userdiary VALUES(24,30,12,'2022-11-09','2022-10-21','12:11:48','00:08:12',2,0);
INSERT INTO userdiary VALUES(25,31,12,'2022-11-09','2022-10-21','12:11:48','00:08:12',2,0);
INSERT INTO userdiary VALUES(26,32,12,'2022-11-09','2022-10-21','12:11:48','00:08:12',2,0);
INSERT INTO userdiary VALUES(27,33,4,'2022-11-09','2022-10-21','12:11:48','00:08:12',2,0);
INSERT INTO userdiary VALUES(28,34,4,'2022-11-09','2022-10-21','12:11:48','00:08:12',2,0);
INSERT INTO userdiary VALUES(29,35,4,'2022-11-09','2022-10-21','12:11:48','00:08:12',2,0);
INSERT INTO userdiary VALUES(30,36,4,'2022-11-09','2022-10-21','12:11:48','00:08:12',2,0);
INSERT INTO userdiary VALUES(31,37,4,'2022-11-09','2022-10-21','12:11:48','00:08:12',2,0);
INSERT INTO userdiary VALUES(32,38,4,'2022-11-09','2022-10-21','12:11:48','00:08:12',2,0);
INSERT INTO userdiary VALUES(33,39,4,'2022-11-09','2022-10-21','12:11:48','00:08:12',2,0);
INSERT INTO userdiary VALUES(34,40,4,'2022-11-09','2022-10-21','12:11:48','00:08:12',2,0);
INSERT INTO userdiary VALUES(35,41,4,'2022-11-09','2022-10-21','12:11:48','00:08:12',2,0);
INSERT INTO userdiary VALUES(36,42,4,'2022-11-09','2022-10-21','12:11:48','00:08:12',2,0);
INSERT INTO userdiary VALUES(37,43,4,'2022-11-09','2022-10-21','12:11:48','00:08:12',2,0);
INSERT INTO userdiary VALUES(38,44,4,'2022-11-09','2022-10-21','12:11:48','00:08:12',2,0);
INSERT INTO userdiary VALUES(39,45,4,'2022-11-09','2022-10-21','12:11:48','00:08:12',2,0);
INSERT INTO userdiary VALUES(40,46,4,'2022-11-09','2022-10-21','12:11:48','00:08:12',2,0);
INSERT INTO userdiary VALUES(41,47,4,'2022-11-09','2022-10-21','12:11:48','00:08:12',2,0);
INSERT INTO userdiary VALUES(42,48,4,'2022-11-09','2022-10-21','12:11:48','00:08:12',2,0);
INSERT INTO userdiary VALUES(43,49,4,'2022-11-09','2022-10-21','12:11:48','00:08:12',2,0);
INSERT INTO userdiary VALUES(44,50,4,'2022-11-09','2022-10-21','12:11:48','00:08:12',2,0);
INSERT INTO userdiary VALUES(45,51,4,'2022-11-09','2022-10-21','12:11:48','00:08:12',2,0);
INSERT INTO userdiary VALUES(46,52,4,'2022-11-09','2022-10-21','12:11:48','00:08:12',2,0);
INSERT INTO userdiary VALUES(47,53,4,'2022-11-09','2022-10-21','12:11:48','00:08:12',2,0);
INSERT INTO userdiary VALUES(48,54,4,'2022-11-09','2022-10-21','12:11:48','00:08:12',2,0);
INSERT INTO userdiary VALUES(49,55,4,'2022-11-09','2022-10-21','12:11:48','00:08:12',2,0);
INSERT INTO userdiary VALUES(50,56,4,'2022-11-09','2022-10-21','12:11:48','00:08:12',2,0);
INSERT INTO userdiary VALUES(51,57,4,'2022-11-09','2022-10-21','12:11:48','00:08:12',2,0);
INSERT INTO userdiary VALUES(52,58,4,'2022-11-09','2022-10-21','12:11:48','00:08:12',2,0);
INSERT INTO userdiary VALUES(53,59,4,'2022-11-09','2022-10-21','12:11:48','00:08:12',2,0);
INSERT INTO userdiary VALUES(54,60,4,'2022-11-09','2022-10-21','12:11:48','00:08:12',2,0);
INSERT INTO userdiary VALUES(55,61,4,'2022-11-09','2022-10-21','12:11:48','00:08:12',2,0);
INSERT INTO userdiary VALUES(56,62,4,'2022-11-09','2022-10-21','12:11:48','00:08:12',2,0);
INSERT INTO userdiary VALUES(57,63,4,'2022-11-09','2022-10-21','12:11:48','00:08:12',2,0);
INSERT INTO userdiary VALUES(58,64,4,'2022-11-09','2022-10-21','12:11:48','00:08:12',2,0);
INSERT INTO userdiary VALUES(59,65,4,'2022-11-09','2022-10-22','13:50:14','00:08:12',2,0);
INSERT INTO userdiary VALUES(60,66,4,'2022-11-09','2022-10-22','14:31:32','00:08:12',2,0);
INSERT INTO userdiary VALUES(61,67,4,'2022-11-09','2022-10-22','14:45:51','00:08:12',2,0);
INSERT INTO userdiary VALUES(62,68,4,'2022-11-09','2022-10-22','14:46:00','00:08:12',2,0);
INSERT INTO userdiary VALUES(63,69,4,'2022-11-09','2022-10-22','14:46:57','00:08:12',2,0);
INSERT INTO userdiary VALUES(64,70,4,'2022-11-09','2022-10-22','14:54:46','00:08:12',2,0);
INSERT INTO userdiary VALUES(65,71,4,'2022-11-09','2022-10-22','15:02:48','00:08:12',2,0);
INSERT INTO userdiary VALUES(66,72,4,'2022-11-09','2022-10-22','15:07:27','00:08:12',2,0);
INSERT INTO userdiary VALUES(67,73,4,'2022-11-09','2022-10-22','15:08:56','00:08:12',2,0);
INSERT INTO userdiary VALUES(68,74,4,'2022-11-09','2022-10-22','16:00:27','00:08:12',2,0);
INSERT INTO userdiary VALUES(69,75,4,'2022-11-09','2022-10-22','16:14:02','00:08:12',2,0);
INSERT INTO userdiary VALUES(70,76,4,'2022-11-09','2022-10-22','16:15:29','00:08:12',2,0);
INSERT INTO userdiary VALUES(71,77,4,'2022-11-09','2022-10-22','16:18:06','00:08:12',2,0);
INSERT INTO userdiary VALUES(72,78,4,'2022-11-09','2022-10-22','16:19:26','00:08:12',2,0);
INSERT INTO userdiary VALUES(73,79,4,'2022-11-09','2022-10-22','16:46:31','00:08:12',2,0);
INSERT INTO userdiary VALUES(74,80,4,'2022-11-09','2022-10-22','16:51:42','00:08:12',2,0);
INSERT INTO userdiary VALUES(75,81,4,'2022-11-09','2022-10-22','16:54:59','00:08:12',2,0);
INSERT INTO userdiary VALUES(76,82,4,'2022-11-09','2022-10-22','16:57:08','00:08:12',2,0);
INSERT INTO userdiary VALUES(77,83,4,'2022-11-09','2022-10-22','17:02:54','00:08:12',2,0);
INSERT INTO userdiary VALUES(78,84,4,'2022-11-09','2022-10-22','22:32:31','00:08:12',2,0);
INSERT INTO userdiary VALUES(79,85,4,'2022-11-09','2022-10-22','22:53:07','00:08:12',2,0);
INSERT INTO userdiary VALUES(80,86,4,'2022-11-09','2022-10-22','22:55:26','00:08:12',2,0);
INSERT INTO userdiary VALUES(81,87,4,'2022-11-09','2022-10-22','22:59:12','00:08:12',2,0);
INSERT INTO userdiary VALUES(82,88,4,'2022-11-09','2022-10-22','22:59:29','00:08:12',2,0);
INSERT INTO userdiary VALUES(83,89,4,'2022-11-09','2022-10-22','22:59:53','00:08:12',2,0);
INSERT INTO userdiary VALUES(84,90,4,'2022-11-09','2022-10-22','23:01:29','00:08:12',2,0);
INSERT INTO userdiary VALUES(85,91,4,'2022-11-09','2022-10-22','23:03:01','00:08:12',2,0);
INSERT INTO userdiary VALUES(86,92,4,'2022-11-09','2022-10-22','23:03:27','00:08:12',2,0);
INSERT INTO userdiary VALUES(87,93,4,'2022-11-09','2022-10-22','23:05:25','00:08:12',2,0);
INSERT INTO userdiary VALUES(88,94,4,'2022-11-09','2022-10-22','23:05:57','00:08:12',2,0);
INSERT INTO userdiary VALUES(89,95,4,'2022-11-09','2022-10-23','10:47:31','00:08:12',2,0);
INSERT INTO userdiary VALUES(90,96,4,'2022-11-09','2022-10-23','13:29:45','00:08:12',2,0);
INSERT INTO userdiary VALUES(91,97,12,'2022-11-09','2022-10-23','13:37:46','00:08:12',2,0);
INSERT INTO userdiary VALUES(92,98,4,'2022-11-09','2022-10-23','14:38:23','00:08:12',2,0);
INSERT INTO userdiary VALUES(93,99,4,'2022-11-09','2022-10-24','15:28:17','00:08:12',2,0);
INSERT INTO userdiary VALUES(94,100,4,'2022-11-09','2022-10-24','16:00:52','00:08:12',2,0);
INSERT INTO userdiary VALUES(95,101,4,'2022-11-09','2022-10-24','16:06:30','00:08:12',2,0);
INSERT INTO userdiary VALUES(96,102,4,'2022-11-09','2022-10-24','16:07:10','00:08:12',2,0);
INSERT INTO userdiary VALUES(97,103,4,'2022-11-09','2022-10-24','16:08:54','00:08:12',2,0);
INSERT INTO userdiary VALUES(98,104,4,'2022-11-09','2022-10-24','16:10:07','00:08:12',2,0);
INSERT INTO userdiary VALUES(99,105,4,'2022-11-09','2022-10-24','16:11:11','00:08:12',2,0);
INSERT INTO userdiary VALUES(100,106,4,'2022-11-09','2022-10-24','16:12:45','00:08:12',2,0);
INSERT INTO userdiary VALUES(101,107,4,'2022-11-09','2022-10-24','16:14:12','00:08:12',2,0);
INSERT INTO userdiary VALUES(102,108,4,'2022-11-09','2022-10-24','16:15:35','00:08:12',2,0);
INSERT INTO userdiary VALUES(103,109,4,'2022-11-09','2022-10-24','16:18:39','00:08:12',2,0);
INSERT INTO userdiary VALUES(104,110,4,'2022-11-09','2022-10-24','16:42:57','00:08:12',2,0);
INSERT INTO userdiary VALUES(105,111,4,'2022-11-09','2022-10-24','16:44:26','00:08:12',2,0);
INSERT INTO userdiary VALUES(106,112,4,'2022-11-09','2022-10-24','16:46:58','00:08:12',2,0);
INSERT INTO userdiary VALUES(107,113,4,'2022-11-09','2022-10-24','16:48:40','00:08:12',2,0);
INSERT INTO userdiary VALUES(108,114,4,'2022-11-09','2022-10-24','16:52:16','00:08:12',2,0);
INSERT INTO userdiary VALUES(109,115,4,'2022-11-09','2022-10-24','16:56:13','00:08:12',2,0);
INSERT INTO userdiary VALUES(110,116,4,'2022-11-09','2022-10-24','16:58:34','00:08:12',2,0);
INSERT INTO userdiary VALUES(111,117,4,'2022-11-09','2022-10-24','16:59:12','00:08:12',2,0);
INSERT INTO userdiary VALUES(112,118,4,'2022-11-09','2022-10-24','16:59:49','00:08:12',2,0);
INSERT INTO userdiary VALUES(113,119,4,'2022-11-09','2022-10-24','17:00:33','00:08:12',2,0);
INSERT INTO userdiary VALUES(114,120,4,'2022-11-09','2022-10-24','17:03:24','00:08:12',2,0);
INSERT INTO userdiary VALUES(115,121,4,'2022-11-09','2022-10-24','17:03:43','00:08:12',2,0);
INSERT INTO userdiary VALUES(116,122,4,'2022-11-09','2022-10-24','17:04:24','00:08:12',2,0);
INSERT INTO userdiary VALUES(117,123,4,'2022-11-09','2022-10-24','17:20:19','00:08:12',2,0);
INSERT INTO userdiary VALUES(118,124,4,'2022-11-09','2022-10-24','18:59:24','00:08:12',2,0);
INSERT INTO userdiary VALUES(119,125,4,'2022-11-09','2022-10-25','11:29:28','00:08:12',2,0);
INSERT INTO userdiary VALUES(120,126,4,'2022-11-09','2022-10-25','15:58:33','00:08:12',2,0);
INSERT INTO userdiary VALUES(121,127,4,'2022-11-09','2022-10-25','15:59:54','00:08:12',2,0);
INSERT INTO userdiary VALUES(122,128,4,'2022-11-09','2022-10-25','16:20:09','00:08:12',2,0);
INSERT INTO userdiary VALUES(123,129,4,'2022-11-09','2022-10-26','11:55:00','00:08:12',2,0);
INSERT INTO userdiary VALUES(124,130,4,'2022-11-09','2022-10-26','16:35:07','00:08:12',2,0);
INSERT INTO userdiary VALUES(125,131,4,'2022-11-09','2022-10-26','16:36:15','00:08:12',2,0);
INSERT INTO userdiary VALUES(126,132,4,'2022-11-09','2022-10-27','16:40:37','00:08:12',2,0);
INSERT INTO userdiary VALUES(127,133,4,'2022-11-09','2022-10-27','16:56:10','00:08:12',2,0);
INSERT INTO userdiary VALUES(128,134,4,'2022-11-09','2022-10-28','11:32:33','00:08:12',2,0);
INSERT INTO userdiary VALUES(129,135,4,'2022-11-09','2022-11-1','12:54:55','00:08:12',2,0);
INSERT INTO userdiary VALUES(130,136,4,'2022-11-09','2022-11-1','21:26:39','00:08:12',2,0);
INSERT INTO userdiary VALUES(131,137,4,'2022-11-09','2022-11-1','21:46:12','00:08:12',2,0);
INSERT INTO userdiary VALUES(132,138,4,'2022-11-09','2022-11-1','21:50:55','00:08:12',2,0);
INSERT INTO userdiary VALUES(133,139,4,'2022-11-01','2022-11-3','11:38:02','00:08:12',3,0);
INSERT INTO userdiary VALUES(134,140,4,'2022-11-09','2022-11-7','09:21:58','00:08:12',2,0);
INSERT INTO userdiary VALUES(135,141,4,'2022-11-09','2022-11-7','10:51:47','00:08:12',2,0);
INSERT INTO userdiary VALUES(136,142,13,'2022-11-09','2022-11-7','22:24:34','00:08:12',2,0);
INSERT INTO userdiary VALUES(137,143,15,'2022-11-09','2022-11-8','11:29:40','00:08:12',2,0);
INSERT INTO userdiary VALUES(138,144,4,'2022-11-09','2022-11-9','20:11:35','00:08:12',2,0);
INSERT INTO userdiary VALUES(139,145,15,'2022-11-09','2022-11-9','20:12:43','00:08:12',2,0);
INSERT INTO userdiary VALUES(140,146,4,'2022-11-09','2022-11-9','23:49:17','00:08:12',3,0);
INSERT INTO userdiary VALUES(141,147,4,'2022-11-09','2022/11/9','23:50:24','00:08:12',2,0);
INSERT INTO userdiary VALUES(142,148,4,'2022-11-09','9/11/2022','23:56:13','00:08:12',3,0);
INSERT INTO userdiary VALUES(143,149,4,'2022-11-10','10/11/2022','00:08:12','00:08:12',3,0);
INSERT INTO userdiary VALUES(144,150,4,'2022-11-11','2022-11-11','11:26:00','11:26:00',1,0);
INSERT INTO userdiary VALUES(145,151,4,'2022-11-12','2022-11-12','15:04:43','15:04:43',0,0);
INSERT INTO userdiary VALUES(146,152,4,'2022-11-21','2022-11-21','16:59:04','16:59:04',1,0);
INSERT INTO userdiary VALUES(147,153,4,'2022-11-25','2022-11-25','16:10:20','16:10:20',0,0);
INSERT INTO userdiary VALUES(148,154,4,'2022-11-25','2022-11-25','16:15:30','16:15:30',0,0);
INSERT INTO userdiary VALUES(149,155,4,'2022-11-27','2022-11-27','15:11:31','15:11:31',0,0);
INSERT INTO userdiary VALUES(150,156,4,'2022-11-27','2022-11-27','15:11:49','15:11:49',0,0);
INSERT INTO userdiary VALUES(151,157,4,'2022-11-27','2022-11-27','15:14:05','15:14:05',0,0);
INSERT INTO userdiary VALUES(152,158,4,'2022-11-27','2022-11-27','15:17:40','15:17:40',0,0);
INSERT INTO userdiary VALUES(153,159,4,'2022-11-27','2022-11-27','15:18:24','15:18:24',0,0);
INSERT INTO userdiary VALUES(154,160,4,'2022-11-27','2022-11-27','15:20:42','15:20:42',0,0);
INSERT INTO userdiary VALUES(155,161,4,'2022-11-27','2022-11-27','15:29:15','15:29:15',0,0);
INSERT INTO userdiary VALUES(156,162,4,'2022-11-27','2022-11-27','15:30:40','15:30:40',0,0);
INSERT INTO userdiary VALUES(157,163,4,'2022-11-27','2022-11-27','15:56:57','15:56:57',0,0);
INSERT INTO userdiary VALUES(158,164,4,'2022-11-27','2022-11-27','16:02:32','16:02:32',0,0);
INSERT INTO userdiary VALUES(159,165,4,'2022-11-27','2022-11-27','16:04:39','16:04:39',0,0);
INSERT INTO userdiary VALUES(160,166,4,'2022-11-27','2022-11-27','16:05:36','16:05:36',0,0);
INSERT INTO userdiary VALUES(161,167,4,'2022-11-27','2022-11-27','16:11:59','16:11:59',0,0);
INSERT INTO userdiary VALUES(162,168,4,'2022-11-27','2022-11-27','16:12:59','16:12:59',0,0);
INSERT INTO userdiary VALUES(163,169,4,'2022-11-27','2022-11-27','16:22:26','16:22:26',0,0);
INSERT INTO userdiary VALUES(164,170,4,'2022-11-27','2022-11-27','16:24:27','16:24:27',0,0);
INSERT INTO userdiary VALUES(165,171,4,'2022-11-27','2022-11-27','16:24:58','16:24:58',0,0);
INSERT INTO userdiary VALUES(166,172,4,'2022-11-27','2022-11-27','16:27:20','16:27:20',0,0);
INSERT INTO userdiary VALUES(167,173,4,'2022-11-27','2022-11-27','16:32:27','16:32:27',0,0);
INSERT INTO userdiary VALUES(168,174,4,'2022-11-27','2022-11-27','20:58:00','20:58:00',0,0);
INSERT INTO userdiary VALUES(169,175,4,'2022-11-27','2022-11-27','20:58:39','20:58:39',0,0);
INSERT INTO userdiary VALUES(170,176,4,'2022-11-27','2022-11-27','20:59:20','20:59:20',0,0);
INSERT INTO userdiary VALUES(171,177,4,'2022-11-27','2022-11-27','21:00:18','21:00:18',0,0);
INSERT INTO userdiary VALUES(172,178,4,'2022-11-27','2022-11-27','21:02:50','21:02:50',0,0);
INSERT INTO userdiary VALUES(173,179,4,'2022-11-27','2022-11-27','21:09:24','21:09:24',0,0);
INSERT INTO userdiary VALUES(174,180,4,'2022-11-27','2022-11-27','21:09:52','21:09:52',0,0);
INSERT INTO userdiary VALUES(175,181,4,'2022-11-27','2022-11-27','21:10:45','21:10:45',0,0);
INSERT INTO userdiary VALUES(176,182,4,'2022-11-27','2022-11-27','21:11:04','21:11:04',0,0);
INSERT INTO userdiary VALUES(177,183,4,'2022-11-27','2022-11-27','21:11:37','21:11:37',0,0);
INSERT INTO userdiary VALUES(178,184,4,'2022-11-27','2022-11-27','21:12:47','21:12:47',0,0);
INSERT INTO userdiary VALUES(179,185,4,'2022-11-27','2022-11-27','21:15:12','21:15:12',0,0);
INSERT INTO userdiary VALUES(180,186,4,'2022-11-27','2022-11-27','21:16:31','21:16:31',0,0);
INSERT INTO userdiary VALUES(181,187,4,'2022-11-27','2022-11-27','21:16:53','21:16:53',0,0);
INSERT INTO userdiary VALUES(182,188,4,'2022-11-27','2022-11-27','21:17:49','21:17:49',0,0);
INSERT INTO userdiary VALUES(183,189,4,'2022-11-27','2022-11-27','21:22:39','21:22:39',0,0);
INSERT INTO userdiary VALUES(184,190,4,'2022-11-27','2022-11-27','21:23:28','21:23:28',0,0);
INSERT INTO userdiary VALUES(185,191,4,'2022-11-27','2022-11-27','21:24:32','21:24:32',0,0);
INSERT INTO userdiary VALUES(186,192,4,'2022-11-27','2022-11-27','21:26:14','21:26:14',0,0);
INSERT INTO userdiary VALUES(187,193,4,'2022-11-27','2022-11-27','21:30:37','21:30:37',2,0);
INSERT INTO userdiary VALUES(188,194,4,'2022-11-27','2022-11-27','21:32:53','21:32:53',0,0);
INSERT INTO userdiary VALUES(189,195,4,'2022-11-27','2022-11-27','21:34:13','21:34:13',0,0);
INSERT INTO userdiary VALUES(190,196,4,'2022-11-27','2022-11-27','21:36:16','21:36:15',0,0);
INSERT INTO userdiary VALUES(191,197,4,'2022-11-27','2022-11-27','21:37:33','21:37:33',0,0);
INSERT INTO userdiary VALUES(192,198,4,'2022-11-27','2022-11-27','21:38:06','21:38:06',0,0);
INSERT INTO userdiary VALUES(193,199,4,'2022-11-27','2022-11-27','21:39:11','21:39:11',0,0);
INSERT INTO userdiary VALUES(194,200,4,'2022-11-28','2022-11-28','15:01:18','15:01:18',0,0);
INSERT INTO userdiary VALUES(195,201,4,'2022-11-29','2022-11-29','14:18:10','14:18:10',0,0);
INSERT INTO userdiary VALUES(196,202,4,'2022-11-29','2022-11-29','14:35:10','14:35:10',0,0);
INSERT INTO userdiary VALUES(197,203,4,'2022-11-29','2022-11-29','15:13:23','15:13:23',1,0);
INSERT INTO userdiary VALUES(198,204,4,'2022-11-30','2022-11-30','14:53:24','14:53:23',0,0);
INSERT INTO userdiary VALUES(199,205,4,'2022-11-30','2022-11-30','14:53:39','14:53:39',0,0);
INSERT INTO userdiary VALUES(200,206,4,'2022-11-30','2022-11-30','15:17:27','15:17:26',0,0);
INSERT INTO userdiary VALUES(201,207,4,'2022-12-2','2022-12-2','17:18:41','17:18:41',0,0);
INSERT INTO userdiary VALUES(202,208,4,'2022-12-3','2022-12-3','14:48:59','14:48:59',0,0);
INSERT INTO userdiary VALUES(203,209,4,'2022-12-3','2022-12-3','15:52:22','15:52:22',2,0);
INSERT INTO userdiary VALUES(204,210,4,'2022-12-5','2022-12-5','16:35:50','16:35:50',1,0);
INSERT INTO userdiary VALUES(205,211,4,'2022-12-6','2022-12-6','16:25:14','16:25:14',0,0);
INSERT INTO userdiary VALUES(206,212,4,'2022-12-11','2022-12-11','11:10:15','11:10:15',7,0);
INSERT INTO userdiary VALUES(207,213,4,'2022-12-11','2022-12-11','14:55:06','14:55:06',0,0);
INSERT INTO userdiary VALUES(208,214,4,'2022-12-12','2022-12-12','14:44:54','14:44:54',0,0);
INSERT INTO userdiary VALUES(209,215,4,'2022-12-15','2022-12-15','10:19:16','10:19:16',0,0);
INSERT INTO userdiary VALUES(210,216,4,'2022-12-15','2022-12-15','10:20:39','10:20:39',0,0);
INSERT INTO userdiary VALUES(211,217,4,'2022-12-26','2022-12-27','10:24:12','10:24:12',0,0);
INSERT INTO userdiary VALUES(212,218,4,'2022-12-22','2022-12-27','10:25:37','10:25:37',0,0);
INSERT INTO userdiary VALUES(213,219,4,'2022-12-27','2022-12-27','15:09:17','15:09:17',0,0);
INSERT INTO userdiary VALUES(214,220,4,'2022-12-27','2022-12-27','15:13:04','15:13:04',0,0);
INSERT INTO userdiary VALUES(215,221,4,'2022-12-28','2022-12-28','19:31:37','19:31:37',0,0);
CREATE TABLE userdiarycatagory (udc_id INTEGER PRIMARY KEY AUTOINCREMENT NOT NULL, ud_id INTEGER NOT NULL, c_id INTEGER NOT NULL, catagory_insertion_time type text, catagory_insertion_date type text, number_of_edits_made type integer default 0, FOREIGN KEY(ud_id) REFERENCES userdiary(ud_id), FOREIGN KEY(c_id) REFERENCES catagory(catagory_id));
INSERT INTO userdiarycatagory VALUES(1,29,1,'13:13:44','2022-10-21',0);
INSERT INTO userdiarycatagory VALUES(2,30,1,'13:19:02','2022-10-21',0);
INSERT INTO userdiarycatagory VALUES(3,31,1,'13:31:08','2022-10-21',0);
INSERT INTO userdiarycatagory VALUES(4,32,1,'13:31:39','2022-10-21',0);
INSERT INTO userdiarycatagory VALUES(5,33,1,'13:32:59','2022-10-21',0);
INSERT INTO userdiarycatagory VALUES(6,34,1,'13:36:39','2022-10-21',0);
INSERT INTO userdiarycatagory VALUES(9,35,1,'13:39:50','2022-10-21',0);
INSERT INTO userdiarycatagory VALUES(12,36,1,'13:46:36','2022-10-21',0);
INSERT INTO userdiarycatagory VALUES(15,37,1,'13:50:25','2022-10-21',0);
INSERT INTO userdiarycatagory VALUES(18,38,1,'13:50:45','2022-10-21',0);
INSERT INTO userdiarycatagory VALUES(21,39,1,'13:53:05','2022-10-21',0);
INSERT INTO userdiarycatagory VALUES(24,40,1,'13:54:15','2022-10-21',0);
INSERT INTO userdiarycatagory VALUES(27,41,1,'13:55:18','2022-10-21',0);
INSERT INTO userdiarycatagory VALUES(28,49,1,'14:09:46','2022-10-21',0);
INSERT INTO userdiarycatagory VALUES(29,50,1,'14:10:23','2022-10-21',0);
INSERT INTO userdiarycatagory VALUES(30,51,1,'14:15:22','2022-10-21',0);
INSERT INTO userdiarycatagory VALUES(31,52,1,'14:16:27','2022-10-21',0);
INSERT INTO userdiarycatagory VALUES(32,53,1,'14:18:31','2022-10-21',0);
INSERT INTO userdiarycatagory VALUES(33,54,1,'14:18:56','2022-10-21',0);
INSERT INTO userdiarycatagory VALUES(34,55,1,'14:19:15','2022-10-21',0);
INSERT INTO userdiarycatagory VALUES(35,56,1,'14:19:44','2022-10-21',0);
INSERT INTO userdiarycatagory VALUES(36,57,1,'14:19:59','2022-10-21',0);
INSERT INTO userdiarycatagory VALUES(37,58,2,'14:33:21','2022-10-21',0);
INSERT INTO userdiarycatagory VALUES(40,59,5,'13:50:14','2022-10-22',0);
INSERT INTO userdiarycatagory VALUES(42,65,2,'15:02:48','2022-10-22',0);
INSERT INTO userdiarycatagory VALUES(43,65,3,'15:02:48','2022-10-22',0);
INSERT INTO userdiarycatagory VALUES(44,66,5,'15:07:27','2022-10-22',0);
INSERT INTO userdiarycatagory VALUES(45,66,4,'15:07:28','2022-10-22',0);
INSERT INTO userdiarycatagory VALUES(46,66,3,'15:07:28','2022-10-22',0);
INSERT INTO userdiarycatagory VALUES(47,67,2,'15:08:56','2022-10-22',0);
INSERT INTO userdiarycatagory VALUES(48,67,1,'15:08:56','2022-10-22',0);
INSERT INTO userdiarycatagory VALUES(49,68,5,'16:00:27','2022-10-22',0);
INSERT INTO userdiarycatagory VALUES(51,68,1,'16:00:27','2022-10-22',0);
INSERT INTO userdiarycatagory VALUES(52,70,2,'16:15:29','2022-10-22',0);
INSERT INTO userdiarycatagory VALUES(53,70,3,'16:15:29','2022-10-22',0);
INSERT INTO userdiarycatagory VALUES(54,70,4,'16:15:29','2022-10-22',0);
INSERT INTO userdiarycatagory VALUES(56,71,3,'16:18:06','2022-10-22',0);
INSERT INTO userdiarycatagory VALUES(57,71,5,'16:18:06','2022-10-22',0);
INSERT INTO userdiarycatagory VALUES(58,72,1,'16:19:26','2022-10-22',0);
INSERT INTO userdiarycatagory VALUES(59,72,2,'16:19:26','2022-10-22',0);
INSERT INTO userdiarycatagory VALUES(60,75,5,'16:54:59','2022-10-22',0);
INSERT INTO userdiarycatagory VALUES(61,75,3,'16:54:59','2022-10-22',0);
INSERT INTO userdiarycatagory VALUES(63,76,2,'16:57:08','2022-10-22',0);
INSERT INTO userdiarycatagory VALUES(64,76,3,'16:57:08','2022-10-22',0);
INSERT INTO userdiarycatagory VALUES(65,76,4,'16:57:08','2022-10-22',0);
INSERT INTO userdiarycatagory VALUES(66,77,5,'17:02:54','2022-10-22',0);
INSERT INTO userdiarycatagory VALUES(67,77,3,'17:02:54','2022-10-22',0);
INSERT INTO userdiarycatagory VALUES(68,77,2,'17:02:54','2022-10-22',0);
INSERT INTO userdiarycatagory VALUES(69,78,1,'22:32:31','2022-10-22',0);
INSERT INTO userdiarycatagory VALUES(70,81,5,'15:08:46','2022-10-29',1);
INSERT INTO userdiarycatagory VALUES(72,82,2,'22:59:29','2022-10-22',0);
INSERT INTO userdiarycatagory VALUES(73,82,3,'22:59:29','2022-10-22',0);
INSERT INTO userdiarycatagory VALUES(77,83,1,'22:59:53','2022-10-22',0);
INSERT INTO userdiarycatagory VALUES(78,83,2,'22:59:53','2022-10-22',0);
INSERT INTO userdiarycatagory VALUES(80,84,2,'23:01:29','2022-10-22',0);
INSERT INTO userdiarycatagory VALUES(81,84,1,'23:01:29','2022-10-22',0);
INSERT INTO userdiarycatagory VALUES(84,85,1,'23:03:01','2022-10-22',0);
INSERT INTO userdiarycatagory VALUES(85,85,2,'23:03:01','2022-10-22',0);
INSERT INTO userdiarycatagory VALUES(90,87,4,'23:05:25','2022-10-22',0);
INSERT INTO userdiarycatagory VALUES(91,87,3,'23:05:25','2022-10-22',0);
INSERT INTO userdiarycatagory VALUES(97,88,3,'23:05:57','2022-10-22',0);
INSERT INTO userdiarycatagory VALUES(98,89,1,'10:47:31','2022-10-23',0);
INSERT INTO userdiarycatagory VALUES(101,90,5,'13:29:45','2022-10-23',0);
INSERT INTO userdiarycatagory VALUES(103,92,3,'14:38:23','2022-10-23',0);
INSERT INTO userdiarycatagory VALUES(104,92,6,'14:38:23','2022-10-23',0);
INSERT INTO userdiarycatagory VALUES(109,93,3,'15:28:17','2022-10-24',0);
INSERT INTO userdiarycatagory VALUES(110,94,1,'16:00:52','2022-10-24',0);
INSERT INTO userdiarycatagory VALUES(112,95,2,'16:06:30','2022-10-24',0);
INSERT INTO userdiarycatagory VALUES(116,96,1,'16:07:10','2022-10-24',0);
INSERT INTO userdiarycatagory VALUES(117,96,3,'16:07:10','2022-10-24',0);
INSERT INTO userdiarycatagory VALUES(122,97,1,'16:08:54','2022-10-24',0);
INSERT INTO userdiarycatagory VALUES(124,98,2,'16:10:07','2022-10-24',0);
INSERT INTO userdiarycatagory VALUES(129,100,6,'16:12:45','2022-10-24',0);
INSERT INTO userdiarycatagory VALUES(132,101,1,'16:14:12','2022-10-24',0);
INSERT INTO userdiarycatagory VALUES(134,103,1,'16:18:39','2022-10-24',0);
INSERT INTO userdiarycatagory VALUES(141,105,2,'16:44:26','2022-10-24',0);
INSERT INTO userdiarycatagory VALUES(146,106,3,'16:46:58','2022-10-24',0);
INSERT INTO userdiarycatagory VALUES(151,107,3,'22:17:49','2022-10-27',1);
INSERT INTO userdiarycatagory VALUES(156,108,2,'16:52:16','2022-10-24',0);
INSERT INTO userdiarycatagory VALUES(159,109,1,'16:56:13','2022-10-24',0);
INSERT INTO userdiarycatagory VALUES(162,110,6,'16:06:29','2022-10-30',1);
INSERT INTO userdiarycatagory VALUES(164,111,5,'16:59:12','2022-10-24',0);
INSERT INTO userdiarycatagory VALUES(167,112,2,'16:59:49','2022-10-24',0);
INSERT INTO userdiarycatagory VALUES(171,113,1,'17:00:33','2022-10-24',0);
INSERT INTO userdiarycatagory VALUES(172,114,5,'17:03:24','2022-10-24',0);
INSERT INTO userdiarycatagory VALUES(173,115,2,'17:03:43','2022-10-24',0);
INSERT INTO userdiarycatagory VALUES(180,119,2,'11:29:28','2022-10-25',0);
INSERT INTO userdiarycatagory VALUES(182,120,2,'15:58:33','2022-10-25',0);
INSERT INTO userdiarycatagory VALUES(184,121,5,'22:12:25','2022-10-27',1);
INSERT INTO userdiarycatagory VALUES(185,122,4,'16:20:09','2022-10-25',0);
INSERT INTO userdiarycatagory VALUES(187,123,4,'22:17:19','2022-10-27',1);
INSERT INTO userdiarycatagory VALUES(188,124,4,'22:11:47','2022-10-27',1);
INSERT INTO userdiarycatagory VALUES(192,126,8,'16:40:37','2022-10-27',0);
INSERT INTO userdiarycatagory VALUES(194,127,8,'16:56:10','2022-10-27',0);
INSERT INTO userdiarycatagory VALUES(196,128,8,'11:32:33','2022-10-28',0);
INSERT INTO userdiarycatagory VALUES(201,86,1,'14:11:29','2022-10-28',0);
INSERT INTO userdiarycatagory VALUES(204,74,3,'14:12:09','2022-10-28',0);
INSERT INTO userdiarycatagory VALUES(205,75,1,'14:14:56','2022-10-28',0);
INSERT INTO userdiarycatagory VALUES(209,102,2,'14:19:58','2022-10-28',0);
INSERT INTO userdiarycatagory VALUES(212,113,1,'14:31:22','2022-10-28',0);
INSERT INTO userdiarycatagory VALUES(213,115,1,'14:31:24','2022-10-28',0);
INSERT INTO userdiarycatagory VALUES(214,60,6,'16:29:20','2022-10-28',0);
INSERT INTO userdiarycatagory VALUES(215,61,6,'16:29:33','2022-10-28',0);
INSERT INTO userdiarycatagory VALUES(216,62,10,'16:33:34','2022-10-28',0);
INSERT INTO userdiarycatagory VALUES(217,62,3,'16:33:50','2022-10-28',0);
INSERT INTO userdiarycatagory VALUES(218,61,1,'16:34:05','2022-10-28',0);
INSERT INTO userdiarycatagory VALUES(219,60,3,'16:34:47','2022-10-28',0);
INSERT INTO userdiarycatagory VALUES(220,59,1,'16:35:04','2022-10-28',0);
INSERT INTO userdiarycatagory VALUES(221,35,2,'16:36:19','2022-10-28',0);
INSERT INTO userdiarycatagory VALUES(222,80,3,'15:06:57','2022-10-29',0);
INSERT INTO userdiarycatagory VALUES(223,125,5,'15:15:50','2022-10-29',1);
INSERT INTO userdiarycatagory VALUES(226,123,1,'15:12:31','2022-10-30',0);
INSERT INTO userdiarycatagory VALUES(229,119,1,'15:35:57','2022-10-30',0);
INSERT INTO userdiarycatagory VALUES(231,125,3,'15:52:26','2022-10-30',1);
INSERT INTO userdiarycatagory VALUES(234,124,3,'16:04:21','2022-10-30',0);
INSERT INTO userdiarycatagory VALUES(240,4,6,'15:12:15','2022-10-31',0);
INSERT INTO userdiarycatagory VALUES(241,129,8,'12:54:55','2022-11-1',0);
INSERT INTO userdiarycatagory VALUES(252,130,1,'21:26:39','2022-11-1',0);
INSERT INTO userdiarycatagory VALUES(253,132,8,'21:50:55','2022-11-1',0);
INSERT INTO userdiarycatagory VALUES(254,132,7,'21:50:55','2022-11-1',0);
INSERT INTO userdiarycatagory VALUES(255,133,1,'11:38:02','2022-11-3',0);
INSERT INTO userdiarycatagory VALUES(256,134,1,'09:21:58','2022-11-7',0);
INSERT INTO userdiarycatagory VALUES(257,135,1,'10:51:47','2022-11-7',0);
INSERT INTO userdiarycatagory VALUES(259,135,6,'11:19:45','2022-11-7',0);
INSERT INTO userdiarycatagory VALUES(260,136,1,'22:24:34','2022-11-7',0);
INSERT INTO userdiarycatagory VALUES(261,136,3,'22:27:56','2022-11-7',0);
INSERT INTO userdiarycatagory VALUES(263,137,9,'11:29:40','2022-11-8',0);
INSERT INTO userdiarycatagory VALUES(264,138,30,'20:11:35','2022-11-9',0);
INSERT INTO userdiarycatagory VALUES(265,138,9,'20:11:35','2022-11-9',0);
INSERT INTO userdiarycatagory VALUES(267,139,30,'20:13:18','2022-11-9',0);
INSERT INTO userdiarycatagory VALUES(268,139,1,'20:13:45','2022-11-9',0);
INSERT INTO userdiarycatagory VALUES(270,137,30,'20:14:19','2022-11-9',0);
INSERT INTO userdiarycatagory VALUES(271,140,8,'23:49:17','2022-11-9',0);
INSERT INTO userdiarycatagory VALUES(273,141,1,'23:50:24','2022/11/9',0);
INSERT INTO userdiarycatagory VALUES(274,142,8,'23:56:13','9/11/2022',0);
INSERT INTO userdiarycatagory VALUES(276,143,1,'00:08:12','10/11/2022',0);
INSERT INTO userdiarycatagory VALUES(277,145,8,'15:04:43','2022-11-12',0);
INSERT INTO userdiarycatagory VALUES(278,145,7,'15:04:43','2022-11-12',0);
INSERT INTO userdiarycatagory VALUES(280,144,8,'15:28:14','2022-11-12',0);
INSERT INTO userdiarycatagory VALUES(281,142,11,'16:55:42','2022-11-21',0);
INSERT INTO userdiarycatagory VALUES(283,146,30,'16:59:35','2022-11-21',0);
INSERT INTO userdiarycatagory VALUES(284,146,6,'16:59:55','2022-11-21',0);
INSERT INTO userdiarycatagory VALUES(285,147,1,'16:10:20','2022-11-25',0);
INSERT INTO userdiarycatagory VALUES(286,148,1,'16:15:30','2022-11-25',0);
INSERT INTO userdiarycatagory VALUES(287,161,3,'16:11:59','2022-11-27',0);
INSERT INTO userdiarycatagory VALUES(288,162,1,'16:12:59','2022-11-27',0);
INSERT INTO userdiarycatagory VALUES(289,165,1,'16:24:58','2022-11-27',0);
INSERT INTO userdiarycatagory VALUES(290,168,1,'20:58:00','2022-11-27',0);
INSERT INTO userdiarycatagory VALUES(291,173,1,'21:09:24','2022-11-27',0);
INSERT INTO userdiarycatagory VALUES(292,180,1,'21:16:31','2022-11-27',0);
INSERT INTO userdiarycatagory VALUES(293,186,31,'21:26:14','2022-11-27',0);
INSERT INTO userdiarycatagory VALUES(294,186,32,'21:26:14','2022-11-27',0);
INSERT INTO userdiarycatagory VALUES(295,186,33,'21:26:14','2022-11-27',0);
INSERT INTO userdiarycatagory VALUES(296,186,34,'21:26:14','2022-11-27',0);
INSERT INTO userdiarycatagory VALUES(297,186,35,'21:26:14','2022-11-27',0);
INSERT INTO userdiarycatagory VALUES(298,186,36,'21:26:14','2022-11-27',0);
INSERT INTO userdiarycatagory VALUES(299,163,1,'21:29:19','2022-11-27',0);
INSERT INTO userdiarycatagory VALUES(300,187,1,'21:30:37','2022-11-27',0);
INSERT INTO userdiarycatagory VALUES(301,187,2,'21:30:37','2022-11-27',0);
INSERT INTO userdiarycatagory VALUES(302,187,3,'21:30:37','2022-11-27',0);
INSERT INTO userdiarycatagory VALUES(303,187,10,'21:30:37','2022-11-27',0);
INSERT INTO userdiarycatagory VALUES(304,187,11,'21:30:37','2022-11-27',0);
INSERT INTO userdiarycatagory VALUES(305,187,13,'21:30:37','2022-11-27',0);
INSERT INTO userdiarycatagory VALUES(306,187,15,'21:30:37','2022-11-27',0);
INSERT INTO userdiarycatagory VALUES(307,187,16,'21:30:37','2022-11-27',0);
INSERT INTO userdiarycatagory VALUES(308,187,17,'21:30:37','2022-11-27',0);
INSERT INTO userdiarycatagory VALUES(311,188,1,'21:32:53','2022-11-27',0);
INSERT INTO userdiarycatagory VALUES(312,189,31,'21:34:13','2022-11-27',0);
INSERT INTO userdiarycatagory VALUES(313,189,32,'21:34:13','2022-11-27',0);
INSERT INTO userdiarycatagory VALUES(314,189,33,'21:34:13','2022-11-27',0);
INSERT INTO userdiarycatagory VALUES(315,189,34,'21:34:13','2022-11-27',0);
INSERT INTO userdiarycatagory VALUES(316,189,35,'21:34:13','2022-11-27',0);
INSERT INTO userdiarycatagory VALUES(317,189,36,'21:34:13','2022-11-27',0);
INSERT INTO userdiarycatagory VALUES(318,190,31,'21:36:16','2022-11-27',0);
INSERT INTO userdiarycatagory VALUES(319,190,32,'21:36:16','2022-11-27',0);
INSERT INTO userdiarycatagory VALUES(320,190,33,'21:36:16','2022-11-27',0);
INSERT INTO userdiarycatagory VALUES(321,190,34,'21:36:16','2022-11-27',0);
INSERT INTO userdiarycatagory VALUES(322,190,35,'21:36:16','2022-11-27',0);
INSERT INTO userdiarycatagory VALUES(323,190,36,'21:36:16','2022-11-27',0);
INSERT INTO userdiarycatagory VALUES(324,191,12,'21:37:33','2022-11-27',0);
INSERT INTO userdiarycatagory VALUES(325,191,14,'21:37:33','2022-11-27',0);
INSERT INTO userdiarycatagory VALUES(326,191,27,'21:37:33','2022-11-27',0);
INSERT INTO userdiarycatagory VALUES(327,192,12,'21:38:06','2022-11-27',0);
INSERT INTO userdiarycatagory VALUES(328,192,14,'21:38:06','2022-11-27',0);
INSERT INTO userdiarycatagory VALUES(329,192,27,'21:38:06','2022-11-27',0);
INSERT INTO userdiarycatagory VALUES(330,193,12,'21:39:11','2022-11-27',0);
INSERT INTO userdiarycatagory VALUES(331,193,14,'21:39:11','2022-11-27',0);
INSERT INTO userdiarycatagory VALUES(332,193,27,'21:39:11','2022-11-27',0);
INSERT INTO userdiarycatagory VALUES(333,194,7,'15:01:18','2022-11-28',0);
INSERT INTO userdiarycatagory VALUES(334,194,8,'15:01:18','2022-11-28',0);
INSERT INTO userdiarycatagory VALUES(335,195,1,'14:18:10','2022-11-29',0);
INSERT INTO userdiarycatagory VALUES(336,196,22,'14:35:10','2022-11-29',0);
INSERT INTO userdiarycatagory VALUES(337,196,19,'14:35:10','2022-11-29',0);
INSERT INTO userdiarycatagory VALUES(338,196,25,'14:35:10','2022-11-29',0);
INSERT INTO userdiarycatagory VALUES(339,197,1,'15:13:23','2022-11-29',0);
INSERT INTO userdiarycatagory VALUES(340,197,3,'15:13:23','2022-11-29',0);
INSERT INTO userdiarycatagory VALUES(341,197,2,'15:13:23','2022-11-29',0);
INSERT INTO userdiarycatagory VALUES(342,197,26,'15:13:23','2022-11-29',0);
INSERT INTO userdiarycatagory VALUES(344,198,1,'14:53:24','2022-11-30',0);
INSERT INTO userdiarycatagory VALUES(345,199,1,'14:53:39','2022-11-30',0);
INSERT INTO userdiarycatagory VALUES(346,200,1,'15:17:27','2022-11-30',0);
INSERT INTO userdiarycatagory VALUES(347,201,8,'17:18:41','2022-12-2',0);
INSERT INTO userdiarycatagory VALUES(348,202,8,'14:48:59','2022-12-3',0);
INSERT INTO userdiarycatagory VALUES(350,203,42,'17:02:59','2022-12-3',0);
INSERT INTO userdiarycatagory VALUES(351,204,19,'16:35:50','2022-12-5',0);
INSERT INTO userdiarycatagory VALUES(353,205,1,'16:25:14','2022-12-6',0);
INSERT INTO userdiarycatagory VALUES(354,206,9,'11:10:15','2022-12-11',0);
INSERT INTO userdiarycatagory VALUES(357,206,21,'11:10:15','2022-12-11',0);
INSERT INTO userdiarycatagory VALUES(363,207,1,'14:55:06','2022-12-11',0);
INSERT INTO userdiarycatagory VALUES(364,207,2,'14:55:06','2022-12-11',0);
INSERT INTO userdiarycatagory VALUES(365,207,3,'14:55:06','2022-12-11',0);
INSERT INTO userdiarycatagory VALUES(366,207,10,'14:55:06','2022-12-11',0);
INSERT INTO userdiarycatagory VALUES(367,207,11,'14:55:06','2022-12-11',0);
INSERT INTO userdiarycatagory VALUES(368,207,13,'14:55:06','2022-12-11',0);
INSERT INTO userdiarycatagory VALUES(369,207,15,'14:55:06','2022-12-11',0);
INSERT INTO userdiarycatagory VALUES(370,207,16,'14:55:06','2022-12-11',0);
INSERT INTO userdiarycatagory VALUES(371,207,17,'14:55:06','2022-12-11',0);
INSERT INTO userdiarycatagory VALUES(372,207,18,'14:55:06','2022-12-11',0);
INSERT INTO userdiarycatagory VALUES(373,207,26,'14:55:06','2022-12-11',0);
INSERT INTO userdiarycatagory VALUES(375,203,8,'16:08:10','2022-12-11',0);
INSERT INTO userdiarycatagory VALUES(376,208,20,'14:44:54','2022-12-12',0);
INSERT INTO userdiarycatagory VALUES(377,208,19,'14:44:54','2022-12-12',0);
INSERT INTO userdiarycatagory VALUES(378,209,30,'10:19:16','2022-12-15',0);
INSERT INTO userdiarycatagory VALUES(379,210,1,'10:20:39','2022-12-15',0);
INSERT INTO userdiarycatagory VALUES(380,211,30,'10:24:12','2022-12-27',0);
INSERT INTO userdiarycatagory VALUES(381,212,30,'10:25:37','2022-12-27',0);
INSERT INTO userdiarycatagory VALUES(382,211,44,'10:31:53','2022-12-27',1);
INSERT INTO userdiarycatagory VALUES(383,213,30,'15:09:17','2022-12-27',0);
INSERT INTO userdiarycatagory VALUES(384,214,8,'15:13:04','2022-12-27',0);
INSERT INTO userdiarycatagory VALUES(385,215,1,'19:31:37','2022-12-28',0);
INSERT INTO userdiarycatagory VALUES(386,215,6,'19:32:28','2022-12-28',0);
CREATE TABLE catagory(catagory_id INTEGER PRIMARY KEY AUTOINCREMENT NOT NULL, cat_type_id type INTEGER NOT NULL default 1, catagory_name text NOT NULL, insertion_date type text, insertion_time type text, FOREIGN KEY (cat_type_id) REFERENCES catagorytype(catagory_type_id));
INSERT INTO catagory VALUES(1,1,'Normal','2022-01-01','03:00');
INSERT INTO catagory VALUES(2,1,'Sad','2022-01-01','03:00');
INSERT INTO catagory VALUES(3,1,'Happy','2022-01-01','03:00');
INSERT INTO catagory VALUES(5,2,'Checkup(health)','2022-01-01','03:00');
INSERT INTO catagory VALUES(6,8,'Church','2022-01-01','03:00');
INSERT INTO catagory VALUES(7,9,'Project-Note','2022-01-01','03:00');
INSERT INTO catagory VALUES(8,9,'tom-diary','2022-01-01','03:00');
INSERT INTO catagory VALUES(9,7,'study','2022-01-01','03:00');
INSERT INTO catagory VALUES(10,1,'Test','2022-10-28','16:08:26');
INSERT INTO catagory VALUES(11,1,'Typical','2022-10-29','00:01:47');
INSERT INTO catagory VALUES(12,3,'Economics','2022-11-3','12:20:32');
INSERT INTO catagory VALUES(13,1,'War','2022-11-3','12:48:44');
INSERT INTO catagory VALUES(14,3,'Meetings','2022-11-3','12:50:32');
INSERT INTO catagory VALUES(15,1,'Conflict(domestic)','2022-11-3','12:53:42');
INSERT INTO catagory VALUES(16,1,'Assasination','2022-11-3','12:55:35');
INSERT INTO catagory VALUES(17,1,'Natrural Disasters','2022-11-3','13:01:54');
INSERT INTO catagory VALUES(18,1,'Crime','2022-11-3','13:04:02');
INSERT INTO catagory VALUES(19,7,'Must read','2022-11-5','12:18:59');
INSERT INTO catagory VALUES(20,7,'Must Read','2022-11-5','12:25:26');
INSERT INTO catagory VALUES(21,7,'Jquery','2022-11-5','12:34:10');
INSERT INTO catagory VALUES(22,7,'CSS','2022-11-5','12:37:00');
INSERT INTO catagory VALUES(23,7,'Python','2022-11-5','12:42:40');
INSERT INTO catagory VALUES(24,7,'Java Script','2022-11-5','13:49:10');
INSERT INTO catagory VALUES(25,7,'C programing','2022-11-5','14:19:01');
INSERT INTO catagory VALUES(26,1,'Dates','2022-11-5','14:21:34');
INSERT INTO catagory VALUES(27,3,'Funny','2022-11-7','09:09:16');
INSERT INTO catagory VALUES(28,11,'Django','2022-11-7','13:40:33');
INSERT INTO catagory VALUES(29,11,'Git','2022-11-7','13:46:33');
INSERT INTO catagory VALUES(30,7,'Driver License','2022-11-8','11:27:46');
INSERT INTO catagory VALUES(31,12,'App','2022-11-8','17:36:49');
INSERT INTO catagory VALUES(32,12,'Poetry','2022-11-8','17:37:19');
INSERT INTO catagory VALUES(33,12,'Web apps','2022-11-8','17:38:20');
INSERT INTO catagory VALUES(34,12,'Web Designs','2022-11-8','17:39:15');
INSERT INTO catagory VALUES(35,12,'Graphics Design','2022-11-8','17:40:06');
INSERT INTO catagory VALUES(36,12,'Youtube','2022-11-8','20:11:22');
INSERT INTO catagory VALUES(37,4,'daily','2022-12-1','15:50:46');
INSERT INTO catagory VALUES(38,5,'alshebab','2022-12-1','15:51:10');
INSERT INTO catagory VALUES(39,6,'new job applications','2022-12-1','15:51:51');
INSERT INTO catagory VALUES(40,11,'information technology','2022-12-1','16:07:28');
INSERT INTO catagory VALUES(41,13,'football','2022-12-1','16:07:38');
INSERT INTO catagory VALUES(42,9,'REMEMBER','2022-12-3','17:02:28');
INSERT INTO catagory VALUES(43,15,'CICSCO','2022-12-27','10:31:00');
INSERT INTO catagory VALUES(44,15,'GOOGLE digital Marketing','2022-12-27','10:31:15');
CREATE TABLE catagorytype (catagory_type_id INTEGER PRIMARY KEY AUTOINCREMENT NOT NULL, catagory_type_name type text NOT NULL, catagory_type_creation_date type text, catagory_type_creation_time type text, type_description type text);
INSERT INTO catagorytype VALUES(1,'General','2022-01-01','03:00','empty description');
INSERT INTO catagorytype VALUES(2,'Health','2022-01-01','03:00','empty description');
INSERT INTO catagorytype VALUES(3,'News','2022-01-01','03:00','empty description');
INSERT INTO catagorytype VALUES(4,'Diary','2022-01-01','03:00','empty description');
INSERT INTO catagorytype VALUES(5,'Terrorism','2022-01-01','03:00','empty description');
INSERT INTO catagorytype VALUES(6,'Work','2022-01-01','03:00','empty description');
INSERT INTO catagorytype VALUES(7,'Learning','2022-01-01','03:00','empty description');
INSERT INTO catagorytype VALUES(8,'Religion','2022-01-01','03:00','empty description');
INSERT INTO catagorytype VALUES(9,'My-Projects','2022-01-01','03:00','empty description');
INSERT INTO catagorytype VALUES(10,'My Todo List','2022-11-7','13:18:04','future to do list');
INSERT INTO catagorytype VALUES(11,'Subjects','2022-11-7','13:19:58','university courses of school subjects');
INSERT INTO catagorytype VALUES(12,'MY IDEAS ','2022-11-8','17:35:48','diffrent kinds of ideas for apps, webs, poetry, short novel');
INSERT INTO catagorytype VALUES(13,'Sports','2022-12-1','16:00:01','sport events, workouts and so on');
INSERT INTO catagorytype VALUES(14,'Remember','2022-12-11','15:29:14','what i shold remember');
INSERT INTO catagorytype VALUES(15,'Online Courses','2022-12-27','10:30:45','My online Courses');
CREATE TABLE diaryreference (diary_reference_id INTEGER PRIMARY KEY AUTOINCREMENT NOT NULL, reference_by_id TYPE INTEGER, referenced_id TYPE INTEGER, refrence_related TEXT, refrence_description, FOREIGN KEY(reference_by_id) REFERENCES userdiary(d_id), FOREIGN KEY(referenced_id) REFERENCES diary(diary_id) );
CREATE TABLE usercatagory(user_catagory_id  INTEGER PRIMARY KEY AUTOINCREMENT NOT NULL, u_id_in_uc TYPE INTEGER, cat_type_id_in_uc TYPE INTEGER, type_creation_date TYPE TEXT, type_creation_time TYPE TEXT, FOREIGN KEY(u_id_in_uc) REFERENCES users(id), FOREIGN KEY(cat_type_id_in_uc) REFERENCES catagorytype(catagory_type_id));
INSERT INTO usercatagory VALUES(1,4,1,'2022-10-20',NULL);
INSERT INTO usercatagory VALUES(2,4,2,'2022-10-20',NULL);
INSERT INTO usercatagory VALUES(3,4,3,'2022-10-20',NULL);
INSERT INTO usercatagory VALUES(4,4,4,'2022-10-20',NULL);
INSERT INTO usercatagory VALUES(5,4,5,'2022-10-20',NULL);
INSERT INTO usercatagory VALUES(6,4,6,'2022-10-20',NULL);
INSERT INTO usercatagory VALUES(7,4,7,'2022-10-20',NULL);
INSERT INTO usercatagory VALUES(8,4,8,'2022-10-20',NULL);
INSERT INTO usercatagory VALUES(9,4,9,'2022-10-20',NULL);
INSERT INTO usercatagory VALUES(10,4,10,'2022-10-20',NULL);
INSERT INTO usercatagory VALUES(11,4,11,'2022-10-20',NULL);
INSERT INTO usercatagory VALUES(12,4,12,'2022-10-20',NULL);
DELETE FROM sqlite_sequence;
INSERT INTO sqlite_sequence VALUES('users',36);
INSERT INTO sqlite_sequence VALUES('diary',221);
INSERT INTO sqlite_sequence VALUES('userdiary',215);
INSERT INTO sqlite_sequence VALUES('userdiarycatagory',386);
INSERT INTO sqlite_sequence VALUES('catagory',44);
INSERT INTO sqlite_sequence VALUES('catagorytype',15);
INSERT INTO sqlite_sequence VALUES('usercatagory',12);
CREATE UNIQUE INDEX username ON users (username);
CREATE VIEW diarycatagoryview AS SELECT * FROM userdiarycatagory JOIN catagory ON catagory.catagory_id = userdiarycatagory.c_id;
CREATE VIEW userdiaryview AS
SELECT * FROM users 
JOIN userdiary ON userdiary.u_id = users.id 
JOIN diary ON diary.diary_id = userdiary.d_id;
CREATE VIEW diarydatabaseview AS
SELECT * FROM userdiaryview 
LEFT JOIN diarycatagoryview
ON diarycatagoryview.ud_id = userdiaryview.ud_id;
CREATE VIEW userCatagoryInfo AS
SELECT * FROM catagory 
JOIN catagorytype ON catagory.cat_type_id = catagorytype.catagory_type_id
JOIN usercatagory ON catagorytype.catagory_type_id = usercatagory.cat_type_id_in_uc
JOIN users ON usercatagory.u_id_in_uc = users.id;
COMMIT;
